Date,Time,1S Voltage,2S Voltage,3S Voltage,Total Voltage
2025-11-03,0:00:00,2.89,2.95,3,8.84
2025-11-03,0:01:00,2.89,2.95,3,8.84
2025-11-03,0:02:00,2.89,2.95,3,8.84
2025-11-03,0:03:00,2.89,2.95,3,8.84
2025-11-03,0:04:00,2.89,2.95,3,8.84
2025-11-03,0:05:00,2.89,2.95,3,8.84
2025-11-03,0:06:00,2.89,2.95,3,8.84
2025-11-03,0:07:00,2.89,2.95,3,8.84
2025-11-03,0:08:00,2.89,2.95,3,8.84
2025-11-03,0:09:00,2.89,2.95,3,8.84
2025-11-03,0:10:00,2.89,2.95,3,8.84
2025-11-03,0:11:00,2.89,2.95,3,8.84
2025-11-03,0:12:00,2.89,2.95,3,8.84
2025-11-03,0:13:00,2.89,2.95,3,8.84
2025-11-03,0:14:00,2.89,2.95,3,8.84
2025-11-03,0:15:00,2.89,2.95,3,8.84
2025-11-03,0:16:00,2.89,2.95,3,8.84
2025-11-03,0:17:00,2.89,2.95,3,8.84
2025-11-03,0:18:00,2.89,2.95,3,8.84
2025-11-03,0:19:00,2.89,2.95,3,8.84
2025-11-03,0:20:00,2.89,2.95,3,8.84
2025-11-03,0:21:00,2.89,2.95,3,8.84
2025-11-03,0:22:00,2.89,2.95,3,8.84
2025-11-03,0:23:00,2.89,2.95,3,8.84
2025-11-03,0:24:00,2.89,2.95,3,8.84
2025-11-03,0:25:00,2.89,2.95,3,8.84
2025-11-03,0:26:00,2.89,2.95,3,8.84
2025-11-03,0:27:00,2.89,2.95,3,8.84
2025-11-03,0:28:00,2.89,2.95,3,8.84
2025-11-03,0:29:00,2.89,2.95,3,8.84
2025-11-03,0:30:00,2.89,2.95,3,8.84
2025-11-03,0:31:00,2.89,2.95,3,8.84
2025-11-03,0:32:00,2.89,2.95,3,8.84
2025-11-03,0:33:00,2.89,2.95,3,8.84
2025-11-03,0:34:00,2.89,2.95,3,8.84
2025-11-03,0:35:00,2.89,2.95,3,8.84
2025-11-03,0:36:00,2.89,2.95,3,8.84
2025-11-03,0:37:00,2.89,2.95,3,8.84
2025-11-03,0:38:00,2.89,2.95,3,8.84
2025-11-03,0:39:00,2.89,2.95,3,8.84
2025-11-03,0:40:00,2.89,2.95,3,8.84
2025-11-03,0:41:00,2.89,2.95,3,8.84
2025-11-03,0:42:00,2.89,2.95,3,8.84
2025-11-03,0:43:00,2.89,2.95,3,8.84
2025-11-03,0:44:00,2.89,2.95,3,8.84
2025-11-03,0:45:00,2.89,2.95,3,8.84
2025-11-03,0:46:00,2.89,2.95,3,8.84
2025-11-03,0:47:00,2.89,2.95,3,8.84
2025-11-03,0:48:00,2.89,2.95,3,8.84
2025-11-03,0:49:00,2.89,2.95,3,8.84
2025-11-03,0:50:00,2.89,2.95,3,8.84
2025-11-03,0:51:00,2.89,2.95,3,8.84
2025-11-03,0:52:00,2.89,2.95,3,8.84
2025-11-03,0:53:00,2.89,2.95,3,8.84
2025-11-03,0:54:00,2.89,2.95,3,8.84
2025-11-03,0:55:00,2.89,2.95,3,8.84
2025-11-03,0:56:00,2.89,2.95,3,8.84
2025-11-03,0:57:00,2.89,2.95,3,8.84
2025-11-03,0:58:00,2.89,2.95,3,8.84
2025-11-03,0:59:00,2.89,2.95,3,8.84
2025-11-03,1:00:00,2.89,2.95,3,8.84
2025-11-03,1:01:00,2.89,2.95,3,8.84
2025-11-03,1:02:00,2.89,2.95,3,8.84
2025-11-03,1:03:00,2.89,2.95,3,8.84
2025-11-03,1:04:00,2.89,2.95,3,8.84
2025-11-03,1:05:00,2.89,2.95,3,8.84
2025-11-03,1:06:00,2.89,2.95,3,8.84
2025-11-03,1:07:00,2.89,2.95,3,8.84
2025-11-03,1:08:00,2.89,2.95,3,8.84
2025-11-03,1:09:00,2.89,2.95,3,8.84
2025-11-03,1:10:00,2.89,2.95,3,8.84
2025-11-03,1:11:00,2.89,2.95,3,8.84
2025-11-03,1:12:00,2.89,2.95,3,8.84
2025-11-03,1:13:00,2.89,2.95,3,8.84
2025-11-03,1:14:00,2.89,2.95,3,8.84
2025-11-03,1:15:00,2.89,2.95,3,8.84
2025-11-03,1:16:00,2.89,2.95,3,8.84
2025-11-03,1:17:00,2.89,2.95,3,8.84
2025-11-03,1:18:00,2.89,2.95,3,8.84
2025-11-03,1:19:00,2.89,2.95,3,8.84
2025-11-03,1:20:00,2.89,2.95,3,8.84
2025-11-03,1:21:00,2.89,2.95,3,8.84
2025-11-03,1:22:00,2.89,2.95,3,8.84
2025-11-03,1:23:00,2.89,2.95,3,8.84
2025-11-03,1:24:00,2.89,2.95,3,8.84
2025-11-03,1:25:00,2.89,2.95,3,8.84
2025-11-03,1:26:00,2.89,2.95,3,8.84
2025-11-03,1:27:00,2.89,2.95,3,8.84
2025-11-03,1:28:00,2.89,2.95,3,8.84
2025-11-03,1:29:00,2.89,2.95,3,8.84
2025-11-03,1:30:00,2.89,2.95,3,8.84
2025-11-03,1:31:00,2.89,2.95,3,8.84
2025-11-03,1:32:00,2.89,2.95,3,8.84
2025-11-03,1:33:00,2.89,2.95,3,8.84
2025-11-03,1:34:00,2.89,2.95,3,8.84
2025-11-03,1:35:00,2.89,2.95,3,8.84
2025-11-03,1:36:00,2.89,2.95,3,8.84
2025-11-03,1:37:00,2.89,2.95,3,8.84
2025-11-03,1:38:00,2.89,2.95,3,8.84
2025-11-03,1:39:00,2.89,2.95,3,8.84
2025-11-03,1:40:00,2.89,2.95,3,8.84
2025-11-03,1:41:00,2.89,2.95,3,8.84
2025-11-03,1:42:00,2.89,2.95,3,8.84
2025-11-03,1:43:00,2.89,2.95,3,8.84
2025-11-03,1:44:00,2.89,2.95,3,8.84
2025-11-03,1:45:00,2.89,2.95,3,8.84
2025-11-03,1:46:00,2.89,2.95,3,8.84
2025-11-03,1:47:00,2.89,2.95,3,8.84
2025-11-03,1:48:00,2.89,2.95,3,8.84
2025-11-03,1:49:00,2.89,2.95,3,8.84
2025-11-03,1:50:00,2.89,2.95,3,8.84
2025-11-03,1:51:00,2.89,2.95,3,8.84
2025-11-03,1:52:00,2.89,2.95,3,8.84
2025-11-03,1:53:00,2.89,2.95,3,8.84
2025-11-03,1:54:00,2.89,2.95,3,8.84
2025-11-03,1:55:00,2.89,2.95,3,8.84
2025-11-03,1:56:00,2.89,2.95,3,8.84
2025-11-03,1:57:00,2.89,2.95,3,8.84
2025-11-03,1:58:00,2.89,2.95,3,8.84
2025-11-03,1:59:00,2.89,2.95,3,8.84
2025-11-03,2:00:00,2.89,2.95,3,8.84
2025-11-03,2:01:00,2.89,2.95,3,8.84
2025-11-03,2:02:00,2.89,2.95,3,8.84
2025-11-03,2:03:00,2.89,2.95,3,8.84
2025-11-03,2:04:00,2.89,2.95,3,8.84
2025-11-03,2:05:00,2.89,2.95,3,8.84
2025-11-03,2:06:00,2.89,2.95,3,8.84
2025-11-03,2:07:00,2.89,2.95,3,8.84
2025-11-03,2:08:00,2.89,2.95,3,8.84
2025-11-03,2:09:00,2.89,2.95,3,8.84
2025-11-03,2:10:00,2.89,2.95,3,8.84
2025-11-03,2:11:00,2.89,2.95,3,8.84
2025-11-03,2:12:00,2.89,2.95,3,8.84
2025-11-03,2:13:00,2.89,2.95,3,8.84
2025-11-03,2:14:00,2.89,2.95,3,8.84
2025-11-03,2:15:00,2.89,2.95,3,8.84
2025-11-03,2:16:00,2.89,2.95,3,8.84
2025-11-03,2:17:00,2.89,2.95,3,8.84
2025-11-03,2:18:00,2.89,2.95,3,8.84
2025-11-03,2:19:00,2.89,2.95,3,8.84
2025-11-03,2:20:00,2.89,2.95,3,8.84
2025-11-03,2:21:00,2.89,2.95,3,8.84
2025-11-03,2:22:00,2.89,2.95,3,8.84
2025-11-03,2:23:00,2.89,2.95,3,8.84
2025-11-03,2:24:00,2.89,2.95,3,8.84
2025-11-03,2:25:00,2.89,2.95,3,8.84
2025-11-03,2:26:00,2.89,2.95,3,8.84
2025-11-03,2:27:00,2.89,2.95,3,8.84
2025-11-03,2:28:00,2.89,2.95,3,8.84
2025-11-03,2:29:00,2.89,2.95,3,8.84
2025-11-03,2:30:00,2.89,2.95,3,8.84
2025-11-03,2:31:00,2.89,2.95,3,8.84
2025-11-03,2:32:00,2.89,2.95,3,8.84
2025-11-03,2:33:00,2.89,2.95,3,8.84
2025-11-03,2:34:00,2.89,2.95,3,8.84
2025-11-03,2:35:00,2.89,2.95,3,8.84
2025-11-03,2:36:00,2.89,2.95,3,8.84
2025-11-03,2:37:00,2.89,2.95,3,8.84
2025-11-03,2:38:00,2.89,2.95,3,8.84
2025-11-03,2:39:00,2.89,2.95,3,8.84
2025-11-03,2:40:00,2.89,2.95,3,8.84
2025-11-03,2:41:00,2.89,2.95,3,8.84
2025-11-03,2:42:00,2.89,2.95,3,8.84
2025-11-03,2:43:00,2.89,2.95,3,8.84
2025-11-03,2:44:00,2.89,2.95,3,8.84
2025-11-03,2:45:00,2.89,2.95,3,8.84
2025-11-03,2:46:00,2.89,2.95,3,8.84
2025-11-03,2:47:00,2.89,2.95,3,8.84
2025-11-03,2:48:00,2.89,2.95,3,8.84
2025-11-03,2:49:00,2.89,2.95,3,8.84
2025-11-03,2:50:00,2.89,2.95,3,8.84
2025-11-03,2:51:00,2.89,2.95,3,8.84
2025-11-03,2:52:00,2.89,2.95,3,8.84
2025-11-03,2:53:00,2.89,2.95,3,8.84
2025-11-03,2:54:00,2.89,2.95,3,8.84
2025-11-03,2:55:00,2.89,2.95,3,8.84
2025-11-03,2:56:00,2.89,2.95,3,8.84
2025-11-03,2:57:00,2.89,2.95,3,8.84
2025-11-03,2:58:00,2.89,2.95,3,8.84
2025-11-03,2:59:00,2.89,2.95,3,8.84
2025-11-03,3:00:00,2.89,2.95,3,8.84
2025-11-03,3:01:00,2.89,2.95,3,8.84
2025-11-03,3:02:00,2.89,2.95,3,8.84
2025-11-03,3:03:00,2.89,2.95,3,8.84
2025-11-03,3:04:00,2.89,2.95,3,8.84
2025-11-03,3:05:00,2.89,2.95,3,8.84
2025-11-03,3:06:00,2.89,2.95,3,8.84
2025-11-03,3:07:00,2.89,2.95,3,8.84
2025-11-03,3:08:00,2.89,2.95,3,8.84
2025-11-03,3:09:00,2.89,2.95,3,8.84
2025-11-03,3:10:00,2.89,2.95,3,8.84
2025-11-03,3:11:00,2.89,2.95,3,8.84
2025-11-03,3:12:00,2.89,2.95,3,8.84
2025-11-03,3:13:00,2.89,2.95,3,8.84
2025-11-03,3:14:00,2.89,2.95,3,8.84
2025-11-03,3:15:00,2.89,2.95,3,8.84
2025-11-03,3:16:00,2.89,2.95,3,8.84
2025-11-03,3:17:00,2.89,2.95,3,8.84
2025-11-03,3:18:00,2.89,2.95,3,8.84
2025-11-03,3:19:00,2.89,2.95,3,8.84
2025-11-03,3:20:00,2.89,2.95,3,8.84
2025-11-03,3:21:00,2.89,2.95,3,8.84
2025-11-03,3:22:00,2.89,2.95,3,8.84
2025-11-03,3:23:00,2.89,2.95,3,8.84
2025-11-03,3:24:00,2.89,2.95,3,8.84
2025-11-03,3:25:00,2.89,2.95,3,8.84
2025-11-03,3:26:00,2.89,2.95,3,8.84
2025-11-03,3:27:00,2.89,2.95,3,8.84
2025-11-03,3:28:00,2.89,2.95,3,8.84
2025-11-03,3:29:00,2.89,2.95,3,8.84
2025-11-03,3:30:00,2.89,2.95,3,8.84
2025-11-03,3:31:00,2.89,2.95,3,8.84
2025-11-03,3:32:00,2.89,2.95,3,8.84
2025-11-03,3:33:00,2.89,2.95,3,8.84
2025-11-03,3:34:00,2.89,2.95,3,8.84
2025-11-03,3:35:00,2.89,2.95,3,8.84
2025-11-03,3:36:00,2.89,2.95,3,8.84
2025-11-03,3:37:00,2.89,2.95,3,8.84
2025-11-03,3:38:00,2.89,2.95,3,8.84
2025-11-03,3:39:00,2.89,2.95,3,8.84
2025-11-03,3:40:00,2.89,2.95,3,8.84
2025-11-03,3:41:00,2.89,2.95,3,8.84
2025-11-03,3:42:00,2.89,2.95,3,8.84
2025-11-03,3:43:00,2.89,2.95,3,8.84
2025-11-03,3:44:00,2.89,2.95,3,8.84
2025-11-03,3:45:00,2.89,2.95,3,8.84
2025-11-03,3:46:00,2.89,2.95,3,8.84
2025-11-03,3:47:00,2.89,2.95,3,8.84
2025-11-03,3:48:00,2.89,2.95,3,8.84
2025-11-03,3:49:00,2.89,2.95,3,8.84
2025-11-03,3:50:00,2.89,2.95,3,8.84
2025-11-03,3:51:00,2.89,2.95,3,8.84
2025-11-03,3:52:00,2.89,2.95,3,8.84
2025-11-03,3:53:00,2.89,2.95,3,8.84
2025-11-03,3:54:00,2.89,2.95,3,8.84
2025-11-03,3:55:00,2.89,2.95,3,8.84
2025-11-03,3:56:00,2.89,2.95,3,8.84
2025-11-03,3:57:00,2.89,2.95,3,8.84
2025-11-03,3:58:00,2.89,2.95,3,8.84
2025-11-03,3:59:00,2.89,2.95,3,8.84
2025-11-03,4:00:00,2.89,2.95,3,8.84
2025-11-03,4:01:00,2.89,2.95,3,8.84
2025-11-03,4:02:00,2.89,2.95,3,8.84
2025-11-03,4:03:00,2.89,2.95,3,8.84
2025-11-03,4:04:00,2.89,2.95,3,8.84
2025-11-03,4:05:00,2.89,2.95,3,8.84
2025-11-03,4:06:00,2.89,2.95,3,8.84
2025-11-03,4:07:00,2.89,2.95,3,8.84
2025-11-03,4:08:00,2.89,2.95,3,8.84
2025-11-03,4:09:00,2.89,2.95,3,8.84
2025-11-03,4:10:00,2.89,2.95,3,8.84
2025-11-03,4:11:00,2.89,2.95,3,8.84
2025-11-03,4:12:00,2.89,2.95,3,8.84
2025-11-03,4:13:00,2.89,2.95,3,8.84
2025-11-03,4:14:00,2.89,2.95,3,8.84
2025-11-03,4:15:00,2.89,2.95,3,8.84
2025-11-03,4:16:00,2.89,2.95,3,8.84
2025-11-03,4:17:00,2.89,2.95,3,8.84
2025-11-03,4:18:00,2.89,2.95,3,8.84
2025-11-03,4:19:00,2.89,2.95,3,8.84
2025-11-03,4:20:00,2.89,2.95,3,8.84
2025-11-03,4:21:00,2.89,2.95,3,8.84
2025-11-03,4:22:00,2.89,2.95,3,8.84
2025-11-03,4:23:00,2.89,2.95,3,8.84
2025-11-03,4:24:00,2.89,2.95,3,8.84
2025-11-03,4:25:00,2.89,2.95,3,8.84
2025-11-03,4:26:00,2.89,2.95,3,8.84
2025-11-03,4:27:00,2.89,2.95,3,8.84
2025-11-03,4:28:00,2.89,2.95,3,8.84
2025-11-03,4:29:00,2.89,2.95,3,8.84
2025-11-03,4:30:00,2.89,2.95,3,8.84
2025-11-03,4:31:00,2.89,2.95,3,8.84
2025-11-03,4:32:00,2.89,2.95,3,8.84
2025-11-03,4:33:00,2.89,2.95,3,8.84
2025-11-03,4:34:00,2.89,2.95,3,8.84
2025-11-03,4:35:00,2.89,2.95,3,8.84
2025-11-03,4:36:00,2.89,2.95,3,8.84
2025-11-03,4:37:00,2.89,2.95,3,8.84
2025-11-03,4:38:00,2.89,2.95,3,8.84
2025-11-03,4:39:00,2.89,2.95,3,8.84
2025-11-03,4:40:00,2.89,2.95,3,8.84
2025-11-03,4:41:00,2.89,2.95,3,8.84
2025-11-03,4:42:00,2.89,2.95,3,8.84
2025-11-03,4:43:00,2.89,2.95,3,8.84
2025-11-03,4:44:00,2.89,2.95,3,8.84
2025-11-03,4:45:00,2.89,2.95,3,8.84
2025-11-03,4:46:00,2.89,2.95,3,8.84
2025-11-03,4:47:00,2.89,2.95,3,8.84
2025-11-03,4:48:00,2.89,2.95,3,8.84
2025-11-03,4:49:00,2.89,2.95,3,8.84
2025-11-03,4:50:00,2.89,2.95,3,8.84
2025-11-03,4:51:00,2.89,2.95,3,8.84
2025-11-03,4:52:00,2.89,2.95,3,8.84
2025-11-03,4:53:00,2.89,2.95,3,8.84
2025-11-03,4:54:00,2.89,2.95,3,8.84
2025-11-03,4:55:00,2.89,2.95,3,8.84
2025-11-03,4:56:00,2.89,2.95,3,8.84
2025-11-03,4:57:00,2.89,2.95,3,8.84
2025-11-03,4:58:00,2.89,2.95,3,8.84
2025-11-03,4:59:00,2.89,2.95,3,8.84
2025-11-03,5:00:00,2.89,2.95,3,8.84
2025-11-03,5:01:00,2.89,2.95,3,8.84
2025-11-03,5:02:00,2.89,2.95,3,8.84
2025-11-03,5:03:00,2.89,2.95,3,8.84
2025-11-03,5:04:00,2.89,2.95,3,8.84
2025-11-03,5:05:00,2.89,2.95,3,8.84
2025-11-03,5:06:00,2.89,2.95,3,8.84
2025-11-03,5:07:00,2.89,2.95,3,8.84
2025-11-03,5:08:00,2.89,2.95,3,8.84
2025-11-03,5:09:00,2.89,2.95,3,8.84
2025-11-03,5:10:00,2.89,2.95,3,8.84
2025-11-03,5:11:00,2.89,2.95,3,8.84
2025-11-03,5:12:00,2.89,2.95,3,8.84
2025-11-03,5:13:00,2.89,2.95,3,8.84
2025-11-03,5:14:00,2.89,2.95,3,8.84
2025-11-03,5:15:00,2.89,2.95,3,8.84
2025-11-03,5:16:00,2.89,2.95,3,8.84
2025-11-03,5:17:00,2.89,2.95,3,8.84
2025-11-03,5:18:00,2.89,2.95,3,8.84
2025-11-03,5:19:00,2.89,2.95,3,8.84
2025-11-03,5:20:00,2.89,2.95,3,8.84
2025-11-03,5:21:00,2.89,2.95,3,8.84
2025-11-03,5:22:00,2.89,2.95,3,8.84
2025-11-03,5:23:00,2.89,2.95,3,8.84
2025-11-03,5:24:00,2.89,2.95,3,8.84
2025-11-03,5:25:00,2.89,2.95,3,8.84
2025-11-03,5:26:00,2.89,2.95,3,8.84
2025-11-03,5:27:00,2.89,2.95,3,8.84
2025-11-03,5:28:00,2.89,2.95,3,8.84
2025-11-03,5:29:00,2.89,2.95,3,8.84
2025-11-03,5:30:00,2.89,2.95,3,8.84
2025-11-03,5:31:00,2.89,2.95,3,8.84
2025-11-03,5:32:00,2.89,2.95,3,8.84
2025-11-03,5:33:00,2.89,2.95,3,8.84
2025-11-03,5:34:00,2.89,2.95,3,8.84
2025-11-03,5:35:00,2.89,2.95,3,8.84
2025-11-03,5:36:00,2.89,2.95,3,8.84
2025-11-03,5:37:00,2.89,2.95,3,8.84
2025-11-03,5:38:00,2.89,2.95,3,8.84
2025-11-03,5:39:00,2.89,2.95,3,8.84
2025-11-03,5:40:00,2.89,2.95,3,8.84
2025-11-03,5:41:00,2.89,2.95,3,8.84
2025-11-03,5:42:00,2.89,2.95,3,8.84
2025-11-03,5:43:00,2.89,2.95,3,8.84
2025-11-03,5:44:00,2.89,2.95,3,8.84
2025-11-03,5:45:00,2.89,2.95,3,8.84
2025-11-03,5:46:00,2.89,2.95,3,8.84
2025-11-03,5:47:00,2.89,2.95,3,8.84
2025-11-03,5:48:00,2.89,2.95,3,8.84
2025-11-03,5:49:00,2.89,2.95,3,8.84
2025-11-03,5:50:00,2.89,2.95,3,8.84
2025-11-03,5:51:00,2.89,2.95,3,8.84
2025-11-03,5:52:00,2.89,2.95,3,8.84
2025-11-03,5:53:00,2.89,2.95,3,8.84
2025-11-03,5:54:00,2.89,2.95,3,8.84
2025-11-03,5:55:00,2.89,2.95,3,8.84
2025-11-03,5:56:00,2.89,2.95,3,8.84
2025-11-03,5:57:00,2.89,2.95,3,8.84
2025-11-03,5:58:00,2.89,2.95,3,8.84
2025-11-03,5:59:00,2.89,2.95,3,8.84
2025-11-03,6:00:00,2.89,2.95,3,8.84
2025-11-03,6:01:00,2.89,2.95,3,8.84
2025-11-03,6:02:00,2.89,2.95,3,8.84
2025-11-03,6:03:00,2.89,2.95,3,8.84
2025-11-03,6:04:00,2.89,2.95,3,8.84
2025-11-03,6:05:00,2.89,2.95,3,8.84
2025-11-03,6:06:00,2.89,2.95,3,8.84
2025-11-03,6:07:00,2.89,2.95,3,8.84
2025-11-03,6:08:00,2.89,2.95,3,8.84
2025-11-03,6:09:00,2.89,2.95,3,8.84
2025-11-03,6:10:00,2.89,2.95,3,8.84
2025-11-03,6:11:00,2.89,2.95,3,8.84
2025-11-03,6:12:00,2.89,2.95,3,8.84
2025-11-03,6:13:00,2.89,2.95,3,8.84
2025-11-03,6:14:00,2.89,2.95,3,8.84
2025-11-03,6:15:00,2.89,2.95,3,8.84
2025-11-03,6:16:00,2.89,2.95,3,8.84
2025-11-03,6:17:00,2.89,2.95,3,8.84
2025-11-03,6:18:00,2.89,2.95,3,8.84
2025-11-03,6:19:00,2.89,2.95,3,8.84
2025-11-03,6:20:00,2.89,2.95,3,8.84
2025-11-03,6:21:00,2.89,2.95,3,8.84
2025-11-03,6:22:00,2.89,2.95,3,8.84
2025-11-03,6:23:00,2.89,2.95,3,8.84
2025-11-03,6:24:00,2.89,2.95,3,8.84
2025-11-03,6:25:00,2.89,2.95,3,8.84
2025-11-03,6:26:00,2.89,2.95,3,8.84
2025-11-03,6:27:00,2.89,2.95,3,8.84
2025-11-03,6:28:00,2.89,2.95,3,8.84
2025-11-03,6:29:00,2.89,2.95,3,8.84
2025-11-03,6:30:00,2.89,2.95,3,8.84
2025-11-03,6:31:00,2.89,2.95,3,8.84
2025-11-03,6:32:00,2.89,2.95,3,8.84
2025-11-03,6:33:00,2.89,2.95,3,8.84
2025-11-03,6:34:00,2.89,2.95,3,8.84
2025-11-03,6:35:00,2.89,2.95,3,8.84
2025-11-03,6:36:00,2.89,2.95,3,8.84
2025-11-03,6:37:00,2.89,2.95,3,8.84
2025-11-03,6:38:00,2.89,2.95,3,8.84
2025-11-03,6:39:00,2.89,2.95,3,8.84
2025-11-03,6:40:00,2.89,2.95,3,8.84
2025-11-03,6:41:00,2.89,2.95,3,8.84
2025-11-03,6:42:00,2.89,2.95,3,8.84
2025-11-03,6:43:00,2.89,2.95,3,8.84
2025-11-03,6:44:00,2.89,2.95,3,8.84
2025-11-03,6:45:00,2.89,2.95,3,8.84
2025-11-03,6:46:00,2.89,2.95,3,8.84
2025-11-03,6:47:00,2.89,2.95,3,8.84
2025-11-03,6:48:00,2.89,2.95,3,8.84
2025-11-03,6:49:00,2.89,2.95,3,8.84
2025-11-03,6:50:00,2.89,2.95,3,8.84
2025-11-03,6:51:00,2.89,2.95,3,8.84
2025-11-03,6:52:00,2.89,2.95,3,8.84
2025-11-03,6:53:00,2.89,2.95,3,8.84
2025-11-03,6:54:00,2.89,2.95,3,8.84
2025-11-03,6:55:00,2.89,2.95,3,8.84
2025-11-03,6:56:00,2.89,2.95,3,8.84
2025-11-03,6:57:00,2.89,2.95,3,8.84
2025-11-03,6:58:00,2.89,2.95,3,8.84
2025-11-03,6:59:00,2.89,2.95,3,8.84
2025-11-03,7:00:00,2.9,2.96,3.01,8.87
2025-11-03,7:01:00,2.91,2.97,3.02,8.9
2025-11-03,7:02:00,2.92,2.98,3.03,8.93
2025-11-03,7:03:00,2.93,2.99,3.04,8.95
2025-11-03,7:04:00,2.94,3,3.05,8.98
2025-11-03,7:05:00,2.95,3.01,3.06,9.01
2025-11-03,7:06:00,2.96,3.02,3.07,9.04
2025-11-03,7:07:00,2.97,3.03,3.08,9.07
2025-11-03,7:08:00,2.98,3.04,3.09,9.1
2025-11-03,7:09:00,2.99,3.05,3.1,9.13
2025-11-03,7:10:00,2.99,3.05,3.1,9.15
2025-11-03,7:11:00,3,3.06,3.11,9.18
2025-11-03,7:12:00,3.01,3.07,3.12,9.21
2025-11-03,7:13:00,3.02,3.08,3.13,9.24
2025-11-03,7:14:00,3.03,3.09,3.14,9.27
2025-11-03,7:15:00,3.04,3.1,3.15,9.3
2025-11-03,7:16:00,3.05,3.11,3.16,9.33
2025-11-03,7:17:00,3.06,3.12,3.17,9.35
2025-11-03,7:18:00,3.07,3.13,3.18,9.38
2025-11-03,7:19:00,3.08,3.14,3.19,9.41
2025-11-03,7:20:00,3.09,3.15,3.2,9.44
2025-11-03,7:21:00,3.1,3.16,3.21,9.47
2025-11-03,7:22:00,3.11,3.17,3.22,9.5
2025-11-03,7:23:00,3.12,3.18,3.23,9.53
2025-11-03,7:24:00,3.13,3.19,3.24,9.55
2025-11-03,7:25:00,3.14,3.2,3.25,9.58
2025-11-03,7:26:00,3.15,3.21,3.26,9.61
2025-11-03,7:27:00,3.16,3.22,3.27,9.64
2025-11-03,7:28:00,3.17,3.23,3.28,9.67
2025-11-03,7:29:00,3.18,3.24,3.29,9.7
2025-11-03,7:30:00,3.19,3.25,3.3,9.73
2025-11-03,7:31:00,3.2,3.26,3.31,9.76
2025-11-03,7:32:00,3.2,3.26,3.31,9.78
2025-11-03,7:33:00,3.21,3.27,3.32,9.81
2025-11-03,7:34:00,3.22,3.28,3.33,9.84
2025-11-03,7:35:00,3.23,3.29,3.34,9.87
2025-11-03,7:36:00,3.24,3.3,3.35,9.9
2025-11-03,7:37:00,3.25,3.31,3.36,9.93
2025-11-03,7:38:00,3.26,3.32,3.37,9.96
2025-11-03,7:39:00,3.27,3.33,3.38,9.98
2025-11-03,7:40:00,3.28,3.34,3.39,10.01
2025-11-03,7:41:00,3.29,3.35,3.4,10.04
2025-11-03,7:42:00,3.3,3.36,3.41,10.07
2025-11-03,7:43:00,3.31,3.37,3.42,10.1
2025-11-03,7:44:00,3.32,3.38,3.43,10.13
2025-11-03,7:45:00,3.33,3.39,3.44,10.16
2025-11-03,7:46:00,3.34,3.4,3.45,10.18
2025-11-03,7:47:00,3.35,3.41,3.46,10.21
2025-11-03,7:48:00,3.36,3.42,3.47,10.24
2025-11-03,7:49:00,3.37,3.43,3.48,10.27
2025-11-03,7:50:00,3.38,3.44,3.49,10.3
2025-11-03,7:51:00,3.39,3.45,3.5,10.33
2025-11-03,7:52:00,3.4,3.46,3.51,10.36
2025-11-03,7:53:00,3.4,3.46,3.51,10.38
2025-11-03,7:54:00,3.41,3.47,3.52,10.41
2025-11-03,7:55:00,3.42,3.48,3.52,10.43
2025-11-03,7:56:00,3.43,3.49,3.52,10.45
2025-11-03,7:57:00,3.44,3.5,3.52,10.47
2025-11-03,7:58:00,3.45,3.51,3.52,10.48
2025-11-03,7:59:00,3.46,3.52,3.52,10.5
2025-11-03,8:00:00,3.47,3.53,3.52,10.52
2025-11-03,8:01:00,3.48,3.54,3.52,10.54
2025-11-03,8:02:00,3.49,3.55,3.52,10.56
2025-11-03,8:03:00,3.5,3.55,3.52,10.57
2025-11-03,8:04:00,3.5,3.55,3.52,10.57
2025-11-03,8:05:00,3.5,3.55,3.52,10.57
2025-11-03,8:06:00,3.5,3.55,3.52,10.57
2025-11-03,8:07:00,3.5,3.55,3.52,10.57
2025-11-03,8:08:00,3.5,3.55,3.52,10.57
2025-11-03,8:09:00,3.5,3.55,3.52,10.57
2025-11-03,8:10:00,3.5,3.55,3.52,10.57
2025-11-03,8:11:00,3.5,3.55,3.52,10.57
2025-11-03,8:12:00,3.5,3.55,3.52,10.57
2025-11-03,8:13:00,3.5,3.55,3.52,10.57
2025-11-03,8:14:00,3.5,3.55,3.52,10.57
2025-11-03,8:15:00,3.5,3.55,3.52,10.57
2025-11-03,8:16:00,3.63,3.66,3.7,10.99
2025-11-03,8:17:00,3.63,3.66,3.7,10.99
2025-11-03,8:18:00,3.63,3.66,3.7,10.99
2025-11-03,8:19:00,3.63,3.66,3.7,10.99
2025-11-03,8:20:00,3.63,3.66,3.7,10.99
2025-11-03,8:21:00,3.63,3.66,3.7,10.99
2025-11-03,8:22:00,3.63,3.66,3.7,10.99
2025-11-03,8:23:00,3.63,3.66,3.7,10.99
2025-11-03,8:24:00,3.63,3.66,3.7,10.99
2025-11-03,8:25:00,3.63,3.66,3.7,10.99
2025-11-03,8:26:00,3.63,3.66,3.7,10.99
2025-11-03,8:27:00,3.63,3.66,3.7,10.99
2025-11-03,8:28:00,3.63,3.66,3.7,10.99
2025-11-03,8:29:00,3.63,3.66,3.7,10.99
2025-11-03,8:30:00,3.63,3.66,3.7,10.99
2025-11-03,8:31:00,3.63,3.66,3.7,10.99
2025-11-03,8:32:00,3.65,3.67,3.71,11.03
2025-11-03,8:33:00,3.65,3.67,3.71,11.03
2025-11-03,8:34:00,3.65,3.67,3.71,11.03
2025-11-03,8:35:00,3.65,3.67,3.71,11.03
2025-11-03,8:36:00,3.65,3.67,3.71,11.03
2025-11-03,8:37:00,3.65,3.67,3.71,11.03
2025-11-03,8:38:00,3.65,3.67,3.71,11.03
2025-11-03,8:39:00,3.65,3.67,3.71,11.03
2025-11-03,8:40:00,3.65,3.67,3.71,11.03
2025-11-03,8:41:00,3.65,3.67,3.71,11.03
2025-11-03,8:42:00,3.65,3.67,3.71,11.03
2025-11-03,8:43:00,3.65,3.67,3.71,11.04
2025-11-03,8:44:00,3.66,3.68,3.72,11.05
2025-11-03,8:45:00,3.66,3.68,3.72,11.06
2025-11-03,8:46:00,3.66,3.68,3.72,11.07
2025-11-03,8:47:00,3.66,3.68,3.72,11.07
2025-11-03,8:48:00,3.67,3.69,3.73,11.08
2025-11-03,8:49:00,3.67,3.69,3.73,11.09
2025-11-03,8:50:00,3.67,3.69,3.73,11.1
2025-11-03,8:51:00,3.68,3.7,3.74,11.11
2025-11-03,8:52:00,3.68,3.7,3.74,11.12
2025-11-03,8:53:00,3.68,3.7,3.74,11.13
2025-11-03,8:54:00,3.69,3.71,3.75,11.14
2025-11-03,8:55:00,3.69,3.71,3.75,11.15
2025-11-03,8:56:00,3.69,3.71,3.75,11.15
2025-11-03,8:57:00,3.69,3.71,3.75,11.16
2025-11-03,8:58:00,3.7,3.72,3.76,11.17
2025-11-03,8:59:00,3.7,3.72,3.76,11.18
2025-11-03,9:00:00,3.7,3.72,3.76,11.19
2025-11-03,9:01:00,3.71,3.73,3.77,11.2
2025-11-03,9:02:00,3.71,3.73,3.77,11.21
2025-11-03,9:03:00,3.71,3.73,3.77,11.22
2025-11-03,9:04:00,3.71,3.73,3.77,11.22
2025-11-03,9:05:00,3.72,3.74,3.78,11.23
2025-11-03,9:06:00,3.72,3.74,3.78,11.24
2025-11-03,9:07:00,3.72,3.74,3.78,11.25
2025-11-03,9:08:00,3.73,3.75,3.79,11.26
2025-11-03,9:09:00,3.73,3.75,3.79,11.27
2025-11-03,9:10:00,3.73,3.75,3.79,11.28
2025-11-03,9:11:00,3.74,3.76,3.8,11.29
2025-11-03,9:12:00,3.74,3.76,3.8,11.3
2025-11-03,9:13:00,3.74,3.76,3.8,11.3
2025-11-03,9:14:00,3.74,3.76,3.8,11.31
2025-11-03,9:15:00,3.75,3.77,3.81,11.32
2025-11-03,9:16:00,3.75,3.77,3.81,11.33
2025-11-03,9:17:00,3.75,3.77,3.81,11.34
2025-11-03,9:18:00,3.76,3.78,3.82,11.35
2025-11-03,9:19:00,3.76,3.78,3.82,11.36
2025-11-03,9:20:00,3.76,3.78,3.82,11.37
2025-11-03,9:21:00,3.77,3.79,3.83,11.38
2025-11-03,9:22:00,3.77,3.79,3.83,11.38
2025-11-03,9:23:00,3.77,3.79,3.83,11.39
2025-11-03,9:24:00,3.77,3.79,3.83,11.4
2025-11-03,9:25:00,3.78,3.8,3.84,11.41
2025-11-03,9:26:00,3.78,3.8,3.84,11.42
2025-11-03,9:27:00,3.78,3.8,3.84,11.43
2025-11-03,9:28:00,3.79,3.81,3.85,11.44
2025-11-03,9:29:00,3.79,3.81,3.85,11.45
2025-11-03,9:30:00,3.79,3.81,3.85,11.45
2025-11-03,9:31:00,3.79,3.81,3.85,11.46
2025-11-03,9:32:00,3.8,3.82,3.86,11.47
2025-11-03,9:33:00,3.8,3.82,3.86,11.48
2025-11-03,9:34:00,3.8,3.82,3.86,11.49
2025-11-03,9:35:00,3.81,3.83,3.87,11.5
2025-11-03,9:36:00,3.81,3.83,3.87,11.51
2025-11-03,9:37:00,3.81,3.83,3.87,11.52
2025-11-03,9:38:00,3.82,3.84,3.88,11.53
2025-11-03,9:39:00,3.82,3.84,3.88,11.53
2025-11-03,9:40:00,3.82,3.84,3.88,11.54
2025-11-03,9:41:00,3.82,3.84,3.88,11.55
2025-11-03,9:42:00,3.83,3.85,3.89,11.56
2025-11-03,9:43:00,3.83,3.85,3.89,11.57
2025-11-03,9:44:00,3.83,3.85,3.89,11.58
2025-11-03,9:45:00,3.84,3.86,3.9,11.59
2025-11-03,9:46:00,3.84,3.86,3.9,11.6
2025-11-03,9:47:00,3.84,3.86,3.9,11.61
2025-11-03,9:48:00,3.84,3.86,3.9,11.61
2025-11-03,9:49:00,3.85,3.87,3.91,11.62
2025-11-03,9:50:00,3.85,3.87,3.91,11.63
2025-11-03,9:51:00,3.85,3.87,3.91,11.64
2025-11-03,9:52:00,3.86,3.88,3.92,11.65
2025-11-03,9:53:00,3.86,3.88,3.92,11.66
2025-11-03,9:54:00,3.86,3.88,3.92,11.67
2025-11-03,9:55:00,3.87,3.89,3.93,11.68
2025-11-03,9:56:00,3.87,3.89,3.93,11.68
2025-11-03,9:57:00,3.87,3.89,3.93,11.69
2025-11-03,9:58:00,3.87,3.89,3.93,11.7
2025-11-03,9:59:00,3.88,3.9,3.94,11.71
2025-11-03,10:00:00,3.88,3.9,3.94,11.72
2025-11-03,10:01:00,3.88,3.9,3.94,11.73
2025-11-03,10:02:00,3.89,3.91,3.95,11.74
2025-11-03,10:03:00,3.89,3.91,3.95,11.75
2025-11-03,10:04:00,3.89,3.91,3.95,11.76
2025-11-03,10:05:00,3.89,3.91,3.95,11.76
2025-11-03,10:06:00,3.9,3.92,3.96,11.77
2025-11-03,10:07:00,3.9,3.92,3.96,11.78
2025-11-03,10:08:00,3.9,3.92,3.96,11.79
2025-11-03,10:09:00,3.91,3.93,3.97,11.8
2025-11-03,10:10:00,3.91,3.93,3.97,11.81
2025-11-03,10:11:00,3.91,3.93,3.97,11.82
2025-11-03,10:12:00,3.92,3.94,3.98,11.83
2025-11-03,10:13:00,3.92,3.94,3.98,11.84
2025-11-03,10:14:00,3.92,3.94,3.98,11.84
2025-11-03,10:15:00,3.92,3.94,3.98,11.85
2025-11-03,10:16:00,3.93,3.95,3.99,11.86
2025-11-03,10:17:00,3.93,3.95,3.99,11.87
2025-11-03,10:18:00,3.93,3.95,3.99,11.88
2025-11-03,10:19:00,3.94,3.96,4,11.89
2025-11-03,10:20:00,3.94,3.96,4,11.9
2025-11-03,10:21:00,3.94,3.96,4,11.91
2025-11-03,10:22:00,3.94,3.96,4,11.91
2025-11-03,10:23:00,3.95,3.97,4.01,11.92
2025-11-03,10:24:00,3.95,3.97,4.01,11.93
2025-11-03,10:25:00,3.95,3.97,4.01,11.94
2025-11-03,10:26:00,3.96,3.98,4.02,11.95
2025-11-03,10:27:00,3.96,3.98,4.02,11.96
2025-11-03,10:28:00,3.96,3.98,4.02,11.97
2025-11-03,10:29:00,3.97,3.99,4.03,11.98
2025-11-03,10:30:00,3.97,3.99,4.03,11.99
2025-11-03,10:31:00,3.97,3.99,4.03,11.99
2025-11-03,10:32:00,3.97,3.99,4.03,12
2025-11-03,10:33:00,3.98,4,4.04,12.01
2025-11-03,10:34:00,3.98,4,4.04,12.02
2025-11-03,10:35:00,3.98,4,4.04,12.03
2025-11-03,10:36:00,3.99,4.01,4.05,12.04
2025-11-03,10:37:00,3.99,4.01,4.05,12.05
2025-11-03,10:38:00,3.99,4.01,4.05,12.06
2025-11-03,10:39:00,4,4.02,4.06,12.07
2025-11-03,10:40:00,4,4.02,4.06,12.07
2025-11-03,10:41:00,4,4.02,4.06,12.08
2025-11-03,10:42:00,4,4.02,4.06,12.09
2025-11-03,10:43:00,4.01,4.03,4.07,12.1
2025-11-03,10:44:00,4.01,4.03,4.07,12.11
2025-11-03,10:45:00,4.01,4.03,4.07,12.12
2025-11-03,10:46:00,4.02,4.04,4.08,12.13
2025-11-03,10:47:00,4.02,4.04,4.08,12.14
2025-11-03,10:48:00,4.02,4.04,4.08,12.15
2025-11-03,10:49:00,4.02,4.04,4.08,12.15
2025-11-03,10:50:00,4.03,4.05,4.09,12.16
2025-11-03,10:51:00,4.03,4.05,4.09,12.17
2025-11-03,10:52:00,4.03,4.05,4.09,12.18
2025-11-03,10:53:00,4.04,4.06,4.1,12.19
2025-11-03,10:54:00,4.04,4.06,4.1,12.2
2025-11-03,10:55:00,4.04,4.06,4.1,12.21
2025-11-03,10:56:00,4.05,4.07,4.11,12.22
2025-11-03,10:57:00,4.05,4.07,4.11,12.22
2025-11-03,10:58:00,4.05,4.07,4.11,12.23
2025-11-03,10:59:00,4.05,4.07,4.11,12.24
2025-11-03,11:00:00,4.06,4.08,4.12,12.25
2025-11-03,11:01:00,4.06,4.08,4.12,12.26
2025-11-03,11:02:00,4.06,4.08,4.12,12.27
2025-11-03,11:03:00,4.07,4.09,4.13,12.28
2025-11-03,11:04:00,4.07,4.09,4.13,12.29
2025-11-03,11:05:00,4.07,4.09,4.13,12.3
2025-11-03,11:06:00,4.07,4.09,4.13,12.3
2025-11-03,11:07:00,4.08,4.1,4.14,12.31
2025-11-03,11:08:00,4.08,4.1,4.14,12.32
2025-11-03,11:09:00,4.08,4.1,4.14,12.33
2025-11-03,11:10:00,4.09,4.11,4.15,12.34
2025-11-03,11:11:00,4.09,4.11,4.15,12.35
2025-11-03,11:12:00,4.09,4.11,4.15,12.36
2025-11-03,11:13:00,4.1,4.12,4.16,12.37
2025-11-03,11:14:00,4.1,4.12,4.16,12.38
2025-11-03,11:15:00,4.1,4.12,4.16,12.38
2025-11-03,11:16:00,4.1,4.12,4.16,12.39
2025-11-03,11:17:00,4.11,4.13,4.17,12.4
2025-11-03,11:18:00,4.11,4.13,4.17,12.41
2025-11-03,11:19:00,4.11,4.13,4.17,12.42
2025-11-03,11:20:00,4.12,4.14,4.18,12.43
2025-11-03,11:21:00,4.12,4.14,4.18,12.44
2025-11-03,11:22:00,4.12,4.14,4.18,12.45
2025-11-03,11:23:00,4.12,4.14,4.18,12.45
2025-11-03,11:24:00,4.13,4.15,4.19,12.46
2025-11-03,11:25:00,4.13,4.15,4.19,12.47
2025-11-03,11:26:00,4.13,4.15,4.19,12.48
2025-11-03,11:27:00,4.14,4.16,4.2,12.49
2025-11-03,11:28:00,4.14,4.16,4.2,12.5
2025-11-03,11:29:00,4.14,4.16,4.2,12.51
2025-11-03,11:30:00,4.15,4.17,4.21,12.52
2025-11-03,11:31:00,4.15,4.17,4.21,12.53
2025-11-03,11:32:00,4.15,4.17,4.21,12.53
2025-11-03,11:33:00,4.15,4.17,4.21,12.54
2025-11-03,11:34:00,4.16,4.17,4.18,12.51
2025-11-03,11:35:00,4.16,4.17,4.18,12.51
2025-11-03,11:36:00,4.16,4.17,4.18,12.51
2025-11-03,11:37:00,4.16,4.17,4.18,12.51
2025-11-03,11:38:00,4.16,4.17,4.18,12.51
2025-11-03,11:39:00,4.16,4.17,4.18,12.51
2025-11-03,11:40:00,4.16,4.17,4.18,12.51
2025-11-03,11:41:00,4.16,4.17,4.18,12.51
2025-11-03,11:42:00,4.16,4.17,4.18,12.51
2025-11-03,11:43:00,4.16,4.17,4.18,12.51
2025-11-03,11:44:00,4.16,4.17,4.18,12.51
2025-11-03,11:45:00,4.16,4.17,4.18,12.51
2025-11-03,11:46:00,4.16,4.17,4.18,12.51
2025-11-03,11:47:00,4.16,4.17,4.18,12.51
2025-11-03,11:48:00,4.16,4.17,4.18,12.51
2025-11-03,11:49:00,4.16,4.17,4.18,12.51
2025-11-03,11:50:00,4.16,4.17,4.18,12.51
2025-11-03,11:51:00,4.16,4.17,4.18,12.51
2025-11-03,11:52:00,4.16,4.17,4.18,12.51
2025-11-03,11:53:00,4.16,4.17,4.18,12.51
2025-11-03,11:54:00,4.16,4.17,4.18,12.51
2025-11-03,11:55:00,4.16,4.17,4.18,12.51
2025-11-03,11:56:00,4.16,4.17,4.18,12.51
2025-11-03,11:57:00,4.16,4.17,4.18,12.51
2025-11-03,11:58:00,4.16,4.17,4.18,12.51
2025-11-03,11:59:00,4.16,4.17,4.18,12.51
2025-11-03,12:00:00,4.16,4.17,4.18,12.51
2025-11-03,12:01:00,4.16,4.17,4.18,12.51
2025-11-03,12:02:00,4.16,4.17,4.18,12.51
2025-11-03,12:03:00,4.16,4.17,4.18,12.51
2025-11-03,12:04:00,4.16,4.17,4.18,12.51
2025-11-03,12:05:00,4.16,4.17,4.18,12.51
2025-11-03,12:06:00,4.16,4.17,4.18,12.51
2025-11-03,12:07:00,4.16,4.17,4.18,12.51
2025-11-03,12:08:00,4.16,4.17,4.18,12.51
2025-11-03,12:09:00,4.16,4.17,4.18,12.51
2025-11-03,12:10:00,4.16,4.17,4.18,12.51
2025-11-03,12:11:00,4.16,4.17,4.18,12.51
2025-11-03,12:12:00,4.16,4.17,4.18,12.51
2025-11-03,12:13:00,4.16,4.17,4.18,12.51
2025-11-03,12:14:00,4.16,4.17,4.18,12.51
2025-11-03,12:15:00,4.17,4.18,4.18,12.53
2025-11-03,12:16:00,4.17,4.18,4.18,12.53
2025-11-03,12:17:00,4.17,4.18,4.18,12.53
2025-11-03,12:18:00,4.17,4.18,4.18,12.53
2025-11-03,12:19:00,4.17,4.18,4.18,12.53
2025-11-03,12:20:00,4.17,4.18,4.18,12.53
2025-11-03,12:21:00,4.17,4.18,4.18,12.53
2025-11-03,12:22:00,4.17,4.18,4.18,12.53
2025-11-03,12:23:00,4.17,4.18,4.18,12.53
2025-11-03,12:24:00,4.17,4.18,4.18,12.53
2025-11-03,12:25:00,4.17,4.18,4.18,12.53
2025-11-03,12:26:00,4.17,4.18,4.18,12.53
2025-11-03,12:27:00,4.17,4.18,4.18,12.53
2025-11-03,12:28:00,4.17,4.18,4.18,12.53
2025-11-03,12:29:00,4.17,4.18,4.18,12.53
2025-11-03,12:30:00,4.17,4.18,4.18,12.53
2025-11-03,12:31:00,4.18,4.19,4.19,12.56
2025-11-03,12:32:00,4.18,4.19,4.19,12.56
2025-11-03,12:33:00,4.18,4.19,4.19,12.56
2025-11-03,12:34:00,4.18,4.19,4.19,12.56
2025-11-03,12:35:00,4.18,4.19,4.19,12.56
2025-11-03,12:36:00,4.18,4.19,4.19,12.56
2025-11-03,12:37:00,4.18,4.19,4.19,12.56
2025-11-03,12:38:00,4.18,4.19,4.19,12.56
2025-11-03,12:39:00,4.18,4.19,4.19,12.56
2025-11-03,12:40:00,4.18,4.19,4.19,12.56
2025-11-03,12:41:00,4.18,4.19,4.19,12.56
2025-11-03,12:42:00,4.18,4.19,4.19,12.56
2025-11-03,12:43:00,4.18,4.19,4.19,12.56
2025-11-03,12:44:00,4.18,4.19,4.19,12.56
2025-11-03,12:45:00,4.18,4.19,4.19,12.56
2025-11-03,12:46:00,4.18,4.19,4.19,12.56
2025-11-03,12:47:00,4.18,4.19,4.19,12.56
2025-11-03,12:48:00,4.18,4.19,4.19,12.56
2025-11-03,12:49:00,4.18,4.19,4.19,12.56
2025-11-03,12:50:00,4.18,4.19,4.19,12.56
2025-11-03,12:51:00,4.18,4.19,4.19,12.56
2025-11-03,12:52:00,4.18,4.19,4.19,12.56
2025-11-03,12:53:00,4.18,4.19,4.19,12.56
2025-11-03,12:54:00,4.18,4.19,4.19,12.56
2025-11-03,12:55:00,4.18,4.19,4.19,12.56
2025-11-03,12:56:00,4.18,4.19,4.19,12.56
2025-11-03,12:57:00,4.18,4.19,4.19,12.56
2025-11-03,12:58:00,4.18,4.19,4.19,12.56
2025-11-03,12:59:00,4.18,4.19,4.19,12.56
2025-11-03,13:00:00,4.18,4.19,4.19,12.56
2025-11-03,13:01:00,4.18,4.19,4.19,12.56
2025-11-03,13:02:00,4.18,4.19,4.19,12.56
2025-11-03,13:03:00,4.18,4.19,4.19,12.56
2025-11-03,13:04:00,4.18,4.19,4.19,12.56
2025-11-03,13:05:00,4.18,4.19,4.19,12.56
2025-11-03,13:06:00,4.18,4.19,4.19,12.56
2025-11-03,13:07:00,4.18,4.19,4.19,12.56
2025-11-03,13:08:00,4.18,4.19,4.19,12.56
2025-11-03,13:09:00,4.18,4.19,4.19,12.56
2025-11-03,13:10:00,4.18,4.19,4.19,12.56
2025-11-03,13:11:00,4.18,4.19,4.19,12.56
2025-11-03,13:12:00,4.18,4.19,4.19,12.56
2025-11-03,13:13:00,4.18,4.19,4.19,12.56
2025-11-03,13:14:00,4.18,4.19,4.19,12.56
2025-11-03,13:15:00,4.18,4.19,4.19,12.56
2025-11-03,13:16:00,4.18,4.19,4.19,12.56
2025-11-03,13:17:00,4.18,4.19,4.19,12.56
2025-11-03,13:18:00,4.18,4.19,4.19,12.56
2025-11-03,13:19:00,4.18,4.19,4.19,12.56
2025-11-03,13:20:00,4.18,4.19,4.19,12.56
2025-11-03,13:21:00,4.18,4.19,4.19,12.56
2025-11-03,13:22:00,4.18,4.19,4.19,12.56
2025-11-03,13:23:00,4.18,4.19,4.19,12.56
2025-11-03,13:24:00,4.18,4.19,4.19,12.56
2025-11-03,13:25:00,4.18,4.19,4.19,12.56
2025-11-03,13:26:00,4.18,4.19,4.19,12.56
2025-11-03,13:27:00,4.18,4.19,4.19,12.56
2025-11-03,13:28:00,4.18,4.19,4.19,12.56
2025-11-03,13:29:00,4.18,4.19,4.19,12.56
2025-11-03,13:30:00,4.18,4.19,4.19,12.56
2025-11-03,13:31:00,4.18,4.19,4.19,12.56
2025-11-03,13:32:00,4.18,4.19,4.19,12.56
2025-11-03,13:33:00,4.18,4.19,4.19,12.56
2025-11-03,13:34:00,4.18,4.19,4.19,12.56
2025-11-03,13:35:00,4.18,4.19,4.19,12.56
2025-11-03,13:36:00,4.18,4.19,4.19,12.56
2025-11-03,13:37:00,4.18,4.19,4.19,12.56
2025-11-03,13:38:00,4.18,4.19,4.19,12.56
2025-11-03,13:39:00,4.18,4.19,4.19,12.56
2025-11-03,13:40:00,4.18,4.19,4.19,12.56
2025-11-03,13:41:00,4.18,4.19,4.19,12.56
2025-11-03,13:42:00,4.18,4.19,4.19,12.56
2025-11-03,13:43:00,4.18,4.19,4.19,12.56
2025-11-03,13:44:00,4.18,4.19,4.19,12.56
2025-11-03,13:45:00,4.18,4.19,4.19,12.56
2025-11-03,13:46:00,4.18,4.19,4.19,12.56
2025-11-03,13:47:00,4.18,4.19,4.19,12.56
2025-11-03,13:48:00,4.18,4.19,4.19,12.56
2025-11-03,13:49:00,4.18,4.19,4.19,12.56
2025-11-03,13:50:00,4.18,4.19,4.19,12.56
2025-11-03,13:51:00,4.18,4.19,4.19,12.56
2025-11-03,13:52:00,4.18,4.19,4.19,12.56
2025-11-03,13:53:00,4.18,4.19,4.19,12.56
2025-11-03,13:54:00,4.18,4.19,4.19,12.56
2025-11-03,13:55:00,4.18,4.19,4.19,12.56
2025-11-03,13:56:00,4.18,4.19,4.19,12.56
2025-11-03,13:57:00,4.18,4.19,4.19,12.56
2025-11-03,13:58:00,4.18,4.19,4.19,12.56
2025-11-03,13:59:00,4.18,4.19,4.19,12.56
2025-11-03,14:00:00,4.18,4.19,4.19,12.56
2025-11-03,14:01:00,4.18,4.19,4.19,12.56
2025-11-03,14:02:00,4.18,4.19,4.19,12.56
2025-11-03,14:03:00,4.18,4.19,4.19,12.56
2025-11-03,14:04:00,4.18,4.19,4.19,12.56
2025-11-03,14:05:00,4.18,4.19,4.19,12.56
2025-11-03,14:06:00,4.18,4.19,4.19,12.56
2025-11-03,14:07:00,4.18,4.19,4.19,12.56
2025-11-03,14:08:00,4.18,4.19,4.19,12.56
2025-11-03,14:09:00,4.18,4.19,4.19,12.56
2025-11-03,14:10:00,4.18,4.19,4.19,12.56
2025-11-03,14:11:00,4.18,4.19,4.19,12.56
2025-11-03,14:12:00,4.18,4.19,4.19,12.56
2025-11-03,14:13:00,4.18,4.19,4.19,12.56
2025-11-03,14:14:00,4.18,4.19,4.19,12.56
2025-11-03,14:15:00,4.18,4.19,4.19,12.56
2025-11-03,14:16:00,4.18,4.19,4.19,12.56
2025-11-03,14:17:00,4.18,4.19,4.19,12.56
2025-11-03,14:18:00,4.18,4.19,4.19,12.56
2025-11-03,14:19:00,4.18,4.19,4.19,12.56
2025-11-03,14:20:00,4.18,4.19,4.19,12.56
2025-11-03,14:21:00,4.18,4.19,4.19,12.56
2025-11-03,14:22:00,4.18,4.19,4.19,12.56
2025-11-03,14:23:00,4.18,4.19,4.19,12.56
2025-11-03,14:24:00,4.18,4.19,4.19,12.56
2025-11-03,14:25:00,4.18,4.19,4.19,12.56
2025-11-03,14:26:00,4.18,4.19,4.19,12.56
2025-11-03,14:27:00,4.18,4.19,4.19,12.56
2025-11-03,14:28:00,4.18,4.19,4.19,12.56
2025-11-03,14:29:00,4.18,4.19,4.19,12.56
2025-11-03,14:30:00,4.18,4.19,4.19,12.56
2025-11-03,14:31:00,4.18,4.19,4.19,12.56
2025-11-03,14:32:00,4.18,4.19,4.19,12.56
2025-11-03,14:33:00,4.18,4.19,4.19,12.56
2025-11-03,14:34:00,4.18,4.19,4.19,12.56
2025-11-03,14:35:00,4.18,4.19,4.19,12.56
2025-11-03,14:36:00,4.18,4.19,4.19,12.56
2025-11-03,14:37:00,4.18,4.19,4.19,12.56
2025-11-03,14:38:00,4.18,4.19,4.19,12.56
2025-11-03,14:39:00,4.18,4.19,4.19,12.56
2025-11-03,14:40:00,4.18,4.19,4.19,12.56
2025-11-03,14:41:00,4.18,4.19,4.19,12.56
2025-11-03,14:42:00,4.18,4.19,4.19,12.56
2025-11-03,14:43:00,4.18,4.19,4.19,12.56
2025-11-03,14:44:00,4.18,4.19,4.19,12.56
2025-11-03,14:45:00,4.18,4.19,4.19,12.56
2025-11-03,14:46:00,4.18,4.19,4.19,12.56
2025-11-03,14:47:00,4.18,4.19,4.19,12.56
2025-11-03,14:48:00,4.18,4.19,4.19,12.56
2025-11-03,14:49:00,4.18,4.19,4.19,12.56
2025-11-03,14:50:00,4.18,4.19,4.19,12.56
2025-11-03,14:51:00,4.18,4.19,4.19,12.56
2025-11-03,14:52:00,4.18,4.19,4.19,12.56
2025-11-03,14:53:00,4.18,4.19,4.19,12.56
2025-11-03,14:54:00,4.18,4.19,4.19,12.56
2025-11-03,14:55:00,4.18,4.19,4.19,12.56
2025-11-03,14:56:00,4.18,4.19,4.19,12.56
2025-11-03,14:57:00,4.18,4.19,4.19,12.56
2025-11-03,14:58:00,4.18,4.19,4.19,12.56
2025-11-03,14:59:00,4.18,4.19,4.19,12.56
2025-11-03,15:00:00,4.18,4.19,4.19,12.56
2025-11-03,15:01:00,4.18,4.19,4.19,12.56
2025-11-03,15:02:00,4.18,4.19,4.19,12.56
2025-11-03,15:03:00,4.18,4.19,4.19,12.56
2025-11-03,15:04:00,4.18,4.19,4.19,12.56
2025-11-03,15:05:00,4.18,4.19,4.19,12.56
2025-11-03,15:06:00,4.18,4.19,4.19,12.56
2025-11-03,15:07:00,4.18,4.19,4.19,12.56
2025-11-03,15:08:00,4.18,4.19,4.19,12.56
2025-11-03,15:09:00,4.18,4.19,4.19,12.56
2025-11-03,15:10:00,4.18,4.19,4.19,12.56
2025-11-03,15:11:00,4.18,4.19,4.19,12.56
2025-11-03,15:12:00,4.18,4.19,4.19,12.56
2025-11-03,15:13:00,4.18,4.19,4.19,12.56
2025-11-03,15:14:00,4.18,4.19,4.19,12.56
2025-11-03,15:15:00,4.18,4.19,4.19,12.56
2025-11-03,15:16:00,4.18,4.19,4.19,12.56
2025-11-03,15:17:00,4.18,4.19,4.19,12.56
2025-11-03,15:18:00,4.18,4.19,4.19,12.56
2025-11-03,15:19:00,4.18,4.19,4.19,12.56
2025-11-03,15:20:00,4.18,4.19,4.19,12.56
2025-11-03,15:21:00,4.18,4.19,4.19,12.56
2025-11-03,15:22:00,4.18,4.19,4.19,12.56
2025-11-03,15:23:00,4.18,4.19,4.19,12.56
2025-11-03,15:24:00,4.18,4.19,4.19,12.56
2025-11-03,15:25:00,4.18,4.19,4.19,12.56
2025-11-03,15:26:00,4.18,4.19,4.19,12.56
2025-11-03,15:27:00,4.18,4.19,4.19,12.56
2025-11-03,15:28:00,4.18,4.19,4.19,12.56
2025-11-03,15:29:00,4.18,4.19,4.19,12.56
2025-11-03,15:30:00,4.18,4.19,4.19,12.56
2025-11-03,15:31:00,4.18,4.19,4.19,12.56
2025-11-03,15:32:00,4.18,4.19,4.19,12.56
2025-11-03,15:33:00,4.18,4.19,4.19,12.56
2025-11-03,15:34:00,4.18,4.19,4.19,12.56
2025-11-03,15:35:00,4.18,4.19,4.19,12.56
2025-11-03,15:36:00,4.18,4.19,4.19,12.56
2025-11-03,15:37:00,4.18,4.19,4.19,12.56
2025-11-03,15:38:00,4.18,4.19,4.19,12.56
2025-11-03,15:39:00,4.18,4.19,4.19,12.56
2025-11-03,15:40:00,4.18,4.19,4.19,12.56
2025-11-03,15:41:00,4.18,4.19,4.19,12.56
2025-11-03,15:42:00,4.18,4.19,4.19,12.56
2025-11-03,15:43:00,4.18,4.19,4.19,12.56
2025-11-03,15:44:00,4.18,4.19,4.19,12.56
2025-11-03,15:45:00,4.18,4.19,4.19,12.56
2025-11-03,15:46:00,4.18,4.19,4.19,12.56
2025-11-03,15:47:00,4.18,4.19,4.19,12.56
2025-11-03,15:48:00,4.18,4.19,4.19,12.56
2025-11-03,15:49:00,4.18,4.19,4.19,12.56
2025-11-03,15:50:00,4.18,4.19,4.19,12.56
2025-11-03,15:51:00,4.18,4.19,4.19,12.56
2025-11-03,15:52:00,4.18,4.19,4.19,12.56
2025-11-03,15:53:00,4.18,4.19,4.19,12.56
2025-11-03,15:54:00,4.18,4.19,4.19,12.56
2025-11-03,15:55:00,4.18,4.19,4.19,12.56
2025-11-03,15:56:00,4.18,4.19,4.19,12.56
2025-11-03,15:57:00,4.18,4.19,4.19,12.56
2025-11-03,15:58:00,4.18,4.19,4.19,12.56
2025-11-03,15:59:00,4.18,4.19,4.19,12.56
2025-11-03,16:00:00,4.18,4.19,4.19,12.56
2025-11-03,16:01:00,4.18,4.19,4.19,12.56
2025-11-03,16:02:00,4.18,4.19,4.19,12.56
2025-11-03,16:03:00,4.18,4.19,4.19,12.56
2025-11-03,16:04:00,4.18,4.19,4.19,12.56
2025-11-03,16:05:00,4.18,4.19,4.19,12.56
2025-11-03,16:06:00,4.18,4.19,4.19,12.56
2025-11-03,16:07:00,4.18,4.19,4.19,12.56
2025-11-03,16:08:00,4.18,4.19,4.19,12.56
2025-11-03,16:09:00,4.18,4.19,4.19,12.56
2025-11-03,16:10:00,4.18,4.19,4.19,12.56
2025-11-03,16:11:00,4.18,4.19,4.19,12.56
2025-11-03,16:12:00,4.18,4.19,4.19,12.56
2025-11-03,16:13:00,4.18,4.19,4.19,12.56
2025-11-03,16:14:00,4.18,4.19,4.19,12.56
2025-11-03,16:15:00,4.18,4.19,4.19,12.56
2025-11-03,16:16:00,4.18,4.19,4.19,12.56
2025-11-03,16:17:00,4.18,4.19,4.19,12.56
2025-11-03,16:18:00,4.18,4.19,4.19,12.56
2025-11-03,16:19:00,4.18,4.19,4.19,12.56
2025-11-03,16:20:00,4.18,4.19,4.19,12.56
2025-11-03,16:21:00,4.18,4.19,4.19,12.56
2025-11-03,16:22:00,4.18,4.19,4.19,12.56
2025-11-03,16:23:00,4.18,4.19,4.19,12.56
2025-11-03,16:24:00,4.18,4.19,4.19,12.56
2025-11-03,16:25:00,4.18,4.19,4.19,12.56
2025-11-03,16:26:00,4.18,4.19,4.19,12.56
2025-11-03,16:27:00,4.18,4.19,4.19,12.56
2025-11-03,16:28:00,4.18,4.19,4.19,12.56
2025-11-03,16:29:00,4.18,4.19,4.19,12.56
2025-11-03,16:30:00,4.18,4.19,4.19,12.56
2025-11-03,16:31:00,4.18,4.19,4.19,12.56
2025-11-03,16:32:00,4.18,4.19,4.19,12.56
2025-11-03,16:33:00,4.18,4.19,4.19,12.56
2025-11-03,16:34:00,4.18,4.19,4.19,12.56
2025-11-03,16:35:00,4.18,4.19,4.19,12.56
2025-11-03,16:36:00,4.18,4.19,4.19,12.56
2025-11-03,16:37:00,4.18,4.19,4.19,12.56
2025-11-03,16:38:00,4.18,4.19,4.19,12.56
2025-11-03,16:39:00,4.18,4.19,4.19,12.56
2025-11-03,16:40:00,4.18,4.19,4.19,12.56
2025-11-03,16:41:00,4.18,4.19,4.19,12.56
2025-11-03,16:42:00,4.18,4.19,4.19,12.56
2025-11-03,16:43:00,4.18,4.19,4.19,12.56
2025-11-03,16:44:00,4.18,4.19,4.19,12.56
2025-11-03,16:45:00,4.18,4.19,4.19,12.56
2025-11-03,16:46:00,4.18,4.19,4.19,12.56
2025-11-03,16:47:00,4.18,4.19,4.19,12.56
2025-11-03,16:48:00,4.18,4.19,4.19,12.56
2025-11-03,16:49:00,4.18,4.19,4.19,12.56
2025-11-03,16:50:00,4.18,4.19,4.19,12.56
2025-11-03,16:51:00,4.18,4.19,4.19,12.56
2025-11-03,16:52:00,4.18,4.19,4.19,12.56
2025-11-03,16:53:00,4.18,4.19,4.19,12.56
2025-11-03,16:54:00,4.18,4.19,4.19,12.56
2025-11-03,16:55:00,4.18,4.19,4.19,12.56
2025-11-03,16:56:00,4.18,4.19,4.19,12.56
2025-11-03,16:57:00,4.18,4.19,4.19,12.56
2025-11-03,16:58:00,4.18,4.19,4.19,12.56
2025-11-03,16:59:00,4.18,4.19,4.19,12.56
2025-11-03,17:00:00,4.18,4.19,4.19,12.56
2025-11-03,17:01:00,4.18,4.19,4.19,12.56
2025-11-03,17:02:00,4.18,4.19,4.19,12.56
2025-11-03,17:03:00,4.18,4.19,4.19,12.56
2025-11-03,17:04:00,4.18,4.19,4.19,12.56
2025-11-03,17:05:00,4.18,4.19,4.19,12.56
2025-11-03,17:06:00,4.18,4.19,4.19,12.56
2025-11-03,17:07:00,4.18,4.19,4.19,12.56
2025-11-03,17:08:00,4.18,4.19,4.19,12.56
2025-11-03,17:09:00,4.18,4.19,4.19,12.56
2025-11-03,17:10:00,4.18,4.19,4.19,12.56
2025-11-03,17:11:00,4.18,4.19,4.19,12.56
2025-11-03,17:12:00,4.18,4.19,4.19,12.56
2025-11-03,17:13:00,4.18,4.19,4.19,12.56
2025-11-03,17:14:00,4.18,4.19,4.19,12.56
2025-11-03,17:15:00,4.18,4.19,4.19,12.56
2025-11-03,17:16:00,4.18,4.19,4.19,12.56
2025-11-03,17:17:00,4.18,4.19,4.19,12.56
2025-11-03,17:18:00,4.18,4.19,4.19,12.56
2025-11-03,17:19:00,4.18,4.19,4.19,12.56
2025-11-03,17:20:00,4.18,4.19,4.19,12.56
2025-11-03,17:21:00,4.18,4.19,4.19,12.56
2025-11-03,17:22:00,4.18,4.19,4.19,12.56
2025-11-03,17:23:00,4.18,4.19,4.19,12.56
2025-11-03,17:24:00,4.18,4.19,4.19,12.56
2025-11-03,17:25:00,4.18,4.19,4.19,12.56
2025-11-03,17:26:00,4.18,4.19,4.19,12.56
2025-11-03,17:27:00,4.18,4.19,4.19,12.56
2025-11-03,17:28:00,4.18,4.19,4.19,12.56
2025-11-03,17:29:00,4.18,4.19,4.19,12.56
2025-11-03,17:30:00,4.18,4.19,4.19,12.56
2025-11-03,17:31:00,3.88,3.94,3.95,11.77
2025-11-03,17:32:00,3.88,3.94,3.95,11.77
2025-11-03,17:33:00,3.88,3.94,3.95,11.77
2025-11-03,17:34:00,3.88,3.94,3.95,11.77
2025-11-03,17:35:00,3.88,3.94,3.95,11.77
2025-11-03,17:36:00,3.88,3.94,3.95,11.77
2025-11-03,17:37:00,3.86,3.92,3.91,11.69
2025-11-03,17:38:00,3.86,3.92,3.91,11.69
2025-11-03,17:39:00,3.86,3.92,3.91,11.69
2025-11-03,17:40:00,3.86,3.92,3.91,11.69
2025-11-03,17:41:00,3.86,3.92,3.91,11.69
2025-11-03,17:42:00,3.86,3.92,3.91,11.69
2025-11-03,17:43:00,3.86,3.92,3.91,11.69
2025-11-03,17:44:00,3.86,3.92,3.91,11.69
2025-11-03,17:45:00,3.86,3.92,3.91,11.69
2025-11-03,17:46:00,3.86,3.91,3.91,11.68
2025-11-03,17:47:00,3.84,3.88,3.91,11.63
2025-11-03,17:48:00,3.84,3.88,3.91,11.63
2025-11-03,17:49:00,3.84,3.88,3.9,11.62
2025-11-03,17:50:00,3.84,3.88,3.9,11.62
2025-11-03,17:51:00,3.84,3.88,3.9,11.62
2025-11-03,17:52:00,3.81,3.85,3.88,11.54
2025-11-03,17:53:00,3.81,3.85,3.88,11.54
2025-11-03,17:54:00,3.81,3.85,3.88,11.54
2025-11-03,17:55:00,3.81,3.85,3.88,11.54
2025-11-03,17:56:00,3.81,3.85,3.87,11.53
2025-11-03,17:57:00,3.81,3.85,3.87,11.53
2025-11-03,17:58:00,3.81,3.85,3.86,11.52
2025-11-03,17:59:00,3.81,3.85,3.86,11.52
2025-11-03,18:00:00,3.81,3.85,3.86,11.52
2025-11-03,18:01:00,3.81,3.85,3.86,11.52
2025-11-03,18:02:00,3.81,3.85,3.86,11.52
2025-11-03,18:03:00,3.81,3.85,3.86,11.52
2025-11-03,18:04:00,3.8,3.84,3.85,11.5
2025-11-03,18:05:00,3.79,3.83,3.84,11.47
2025-11-03,18:06:00,3.79,3.83,3.84,11.45
2025-11-03,18:07:00,3.78,3.82,3.83,11.42
2025-11-03,18:08:00,3.77,3.81,3.82,11.4
2025-11-03,18:09:00,3.76,3.8,3.81,11.37
2025-11-03,18:10:00,3.75,3.79,3.8,11.35
2025-11-03,18:11:00,3.74,3.78,3.79,11.32
2025-11-03,18:12:00,3.74,3.78,3.79,11.3
2025-11-03,18:13:00,3.73,3.77,3.78,11.27
2025-11-03,18:14:00,3.72,3.76,3.77,11.25
2025-11-03,18:15:00,3.71,3.75,3.76,11.22
2025-11-03,18:16:00,3.7,3.74,3.75,11.2
2025-11-03,18:17:00,3.69,3.73,3.74,11.17
2025-11-03,18:18:00,3.69,3.73,3.74,11.15
2025-11-03,18:19:00,3.68,3.72,3.73,11.12
2025-11-03,18:20:00,3.67,3.71,3.72,11.1
2025-11-03,18:21:00,3.66,3.7,3.71,11.07
2025-11-03,18:22:00,3.65,3.69,3.7,11.05
2025-11-03,18:23:00,3.64,3.68,3.69,11.02
2025-11-03,18:24:00,3.64,3.68,3.69,11
2025-11-03,18:25:00,3.63,3.67,3.68,10.97
2025-11-03,18:26:00,3.62,3.66,3.67,10.95
2025-11-03,18:27:00,3.61,3.65,3.66,10.92
2025-11-03,18:28:00,3.6,3.64,3.65,10.9
2025-11-03,18:29:00,3.59,3.63,3.64,10.87
2025-11-03,18:30:00,3.59,3.63,3.64,10.85
2025-11-03,18:31:00,3.58,3.62,3.63,10.82
2025-11-03,18:32:00,3.57,3.61,3.62,10.8
2025-11-03,18:33:00,3.56,3.6,3.61,10.77
2025-11-03,18:34:00,3.55,3.59,3.6,10.75
2025-11-03,18:35:00,3.54,3.58,3.59,10.72
2025-11-03,18:36:00,3.54,3.58,3.59,10.7
2025-11-03,18:37:00,3.53,3.57,3.58,10.67
2025-11-03,18:38:00,3.52,3.56,3.57,10.65
2025-11-03,18:39:00,3.51,3.55,3.56,10.62
2025-11-03,18:40:00,3.5,3.54,3.55,10.6
2025-11-03,18:41:00,3.49,3.53,3.54,10.57
2025-11-03,18:42:00,3.49,3.53,3.54,10.55
2025-11-03,18:43:00,3.48,3.52,3.53,10.52
2025-11-03,18:44:00,3.47,3.51,3.52,10.5
2025-11-03,18:45:00,3.46,3.5,3.51,10.47
2025-11-03,18:46:00,3.45,3.49,3.5,10.45
2025-11-03,18:47:00,3.44,3.48,3.49,10.42
2025-11-03,18:48:00,3.44,3.48,3.49,10.4
2025-11-03,18:49:00,3.43,3.47,3.48,10.37
2025-11-03,18:50:00,3.42,3.46,3.47,10.35
2025-11-03,18:51:00,3.41,3.45,3.46,10.32
2025-11-03,18:52:00,3.4,3.44,3.45,10.3
2025-11-03,18:53:00,3.39,3.43,3.44,10.28
2025-11-03,18:54:00,3.39,3.43,3.44,10.25
2025-11-03,18:55:00,3.38,3.42,3.43,10.23
2025-11-03,18:56:00,3.37,3.41,3.42,10.2
2025-11-03,18:57:00,3.36,3.4,3.41,10.18
2025-11-03,18:58:00,3.35,3.39,3.4,10.15
2025-11-03,18:59:00,3.35,3.39,3.4,10.13
2025-11-03,19:00:00,3.34,3.38,3.39,10.1
2025-11-03,19:01:00,3.33,3.37,3.38,10.08
2025-11-03,19:02:00,3.32,3.36,3.37,10.05
2025-11-03,19:03:00,3.31,3.35,3.36,10.03
2025-11-03,19:04:00,3.3,3.34,3.35,10
2025-11-03,19:05:00,3.3,3.34,3.35,9.98
2025-11-03,19:06:00,3.29,3.33,3.34,9.95
2025-11-03,19:07:00,3.28,3.32,3.33,9.93
2025-11-03,19:08:00,3.27,3.31,3.32,9.9
2025-11-03,19:09:00,3.26,3.3,3.31,9.88
2025-11-03,19:10:00,3.25,3.29,3.3,9.85
2025-11-03,19:11:00,3.25,3.29,3.3,9.83
2025-11-03,19:12:00,3.24,3.28,3.29,9.8
2025-11-03,19:13:00,3.23,3.27,3.28,9.78
2025-11-03,19:14:00,3.22,3.26,3.27,9.75
2025-11-03,19:15:00,3.21,3.25,3.26,9.73
2025-11-03,19:16:00,3.2,3.24,3.25,9.7
2025-11-03,19:17:00,3.2,3.24,3.25,9.68
2025-11-03,19:18:00,3.19,3.23,3.24,9.65
2025-11-03,19:19:00,3.18,3.22,3.23,9.63
2025-11-03,19:20:00,3.17,3.21,3.22,9.6
2025-11-03,19:21:00,3.16,3.2,3.21,9.58
2025-11-03,19:22:00,3.15,3.19,3.2,9.55
2025-11-03,19:23:00,3.15,3.19,3.2,9.53
2025-11-03,19:24:00,3.14,3.18,3.19,9.5
2025-11-03,19:25:00,3.13,3.17,3.18,9.48
2025-11-03,19:26:00,3.12,3.16,3.17,9.45
2025-11-03,19:27:00,3.11,3.15,3.16,9.43
2025-11-03,19:28:00,3.1,3.14,3.15,9.4
2025-11-03,19:29:00,3.1,3.14,3.15,9.38
2025-11-03,19:30:00,3.09,3.13,3.14,9.35
2025-11-03,19:31:00,3.08,3.12,3.13,9.33
2025-11-03,19:32:00,3.07,3.11,3.12,9.3
2025-11-03,19:33:00,3.06,3.1,3.11,9.28
2025-11-03,19:34:00,3.05,3.09,3.1,9.25
2025-11-03,19:35:00,3.05,3.09,3.1,9.23
2025-11-03,19:36:00,3.04,3.08,3.09,9.2
2025-11-03,19:37:00,3.03,3.07,3.08,9.18
2025-11-03,19:38:00,3.02,3.06,3.07,9.15
2025-11-03,19:39:00,3.01,3.05,3.06,9.13
2025-11-03,19:40:00,3,3.04,3.05,9.1
2025-11-03,19:41:00,3,3.04,3.05,9.08
2025-11-03,19:42:00,2.99,3.03,3.04,9.05
2025-11-03,19:43:00,2.98,3.02,3.03,9.03
2025-11-03,19:44:00,2.97,3.01,3.02,9.01
2025-11-03,19:45:00,2.96,3,3.01,8.98
2025-11-03,19:46:00,2.96,3,3.01,8.96
2025-11-03,19:47:00,2.95,2.99,3,8.93
2025-11-03,19:48:00,2.94,2.98,2.99,8.91
2025-11-03,19:49:00,2.93,2.97,2.98,8.88
2025-11-03,19:50:00,2.92,2.96,2.97,8.86
2025-11-03,19:51:00,2.91,2.95,2.96,8.83
2025-11-03,19:52:00,2.91,2.95,2.96,8.81
2025-11-03,19:53:00,2.89,2.95,3,8.84
2025-11-03,19:54:00,2.89,2.95,3,8.84
2025-11-03,19:55:00,2.89,2.95,3,8.84
2025-11-03,19:56:00,2.89,2.95,3,8.84
2025-11-03,19:57:00,2.89,2.95,3,8.84
2025-11-03,19:58:00,2.89,2.95,3,8.84
2025-11-03,19:59:00,2.89,2.95,3,8.84
2025-11-03,20:00:00,2.89,2.95,3,8.84
2025-11-03,20:01:00,2.89,2.95,3,8.84
2025-11-03,20:02:00,2.89,2.95,3,8.84
2025-11-03,20:03:00,2.89,2.95,3,8.84
2025-11-03,20:04:00,2.89,2.95,3,8.84
2025-11-03,20:05:00,2.89,2.95,3,8.84
2025-11-03,20:06:00,2.89,2.95,3,8.84
2025-11-03,20:07:00,2.89,2.95,3,8.84
2025-11-03,20:08:00,2.89,2.95,3,8.84
2025-11-03,20:09:00,2.89,2.95,3,8.84
2025-11-03,20:10:00,2.89,2.95,3,8.84
2025-11-03,20:11:00,2.89,2.95,3,8.84
2025-11-03,20:12:00,2.89,2.95,3,8.84
2025-11-03,20:13:00,2.89,2.95,3,8.84
2025-11-03,20:14:00,2.89,2.95,3,8.84
2025-11-03,20:15:00,2.89,2.95,3,8.84
2025-11-03,20:16:00,2.89,2.95,3,8.84
2025-11-03,20:17:00,2.89,2.95,3,8.84
2025-11-03,20:18:00,2.89,2.95,3,8.84
2025-11-03,20:19:00,2.89,2.95,3,8.84
2025-11-03,20:20:00,2.89,2.95,3,8.84
2025-11-03,20:21:00,2.89,2.95,3,8.84
2025-11-03,20:22:00,2.89,2.95,3,8.84
2025-11-03,20:23:00,2.89,2.95,3,8.84
2025-11-03,20:24:00,2.89,2.95,3,8.84
2025-11-03,20:25:00,2.89,2.95,3,8.84
2025-11-03,20:26:00,2.89,2.95,3,8.84
2025-11-03,20:27:00,2.89,2.95,3,8.84
2025-11-03,20:28:00,2.89,2.95,3,8.84
2025-11-03,20:29:00,2.89,2.95,3,8.84
2025-11-03,20:30:00,2.89,2.95,3,8.84
2025-11-03,20:31:00,2.89,2.95,3,8.84
2025-11-03,20:32:00,2.89,2.95,3,8.84
2025-11-03,20:33:00,2.89,2.95,3,8.84
2025-11-03,20:34:00,2.89,2.95,3,8.84
2025-11-03,20:35:00,2.89,2.95,3,8.84
2025-11-03,20:36:00,2.89,2.95,3,8.84
2025-11-03,20:37:00,2.89,2.95,3,8.84
2025-11-03,20:38:00,2.89,2.95,3,8.84
2025-11-03,20:39:00,2.89,2.95,3,8.84
2025-11-03,20:40:00,2.89,2.95,3,8.84
2025-11-03,20:41:00,2.89,2.95,3,8.84
2025-11-03,20:42:00,2.89,2.95,3,8.84
2025-11-03,20:43:00,2.89,2.95,3,8.84
2025-11-03,20:44:00,2.89,2.95,3,8.84
2025-11-03,20:45:00,2.89,2.95,3,8.84
2025-11-03,20:46:00,2.89,2.95,3,8.84
2025-11-03,20:47:00,2.89,2.95,3,8.84
2025-11-03,20:48:00,2.89,2.95,3,8.84
2025-11-03,20:49:00,2.89,2.95,3,8.84
2025-11-03,20:50:00,2.89,2.95,3,8.84
2025-11-03,20:51:00,2.89,2.95,3,8.84
2025-11-03,20:52:00,2.89,2.95,3,8.84
2025-11-03,20:53:00,2.89,2.95,3,8.84
2025-11-03,20:54:00,2.89,2.95,3,8.84
2025-11-03,20:55:00,2.89,2.95,3,8.84
2025-11-03,20:56:00,2.89,2.95,3,8.84
2025-11-03,20:57:00,2.89,2.95,3,8.84
2025-11-03,20:58:00,2.89,2.95,3,8.84
2025-11-03,20:59:00,2.89,2.95,3,8.84
2025-11-03,21:00:00,2.89,2.95,3,8.84
2025-11-03,21:01:00,2.89,2.95,3,8.84
2025-11-03,21:02:00,2.89,2.95,3,8.84
2025-11-03,21:03:00,2.89,2.95,3,8.84
2025-11-03,21:04:00,2.89,2.95,3,8.84
2025-11-03,21:05:00,2.89,2.95,3,8.84
2025-11-03,21:06:00,2.89,2.95,3,8.84
2025-11-03,21:07:00,2.89,2.95,3,8.84
2025-11-03,21:08:00,2.89,2.95,3,8.84
2025-11-03,21:09:00,2.89,2.95,3,8.84
2025-11-03,21:10:00,2.89,2.95,3,8.84
2025-11-03,21:11:00,2.89,2.95,3,8.84
2025-11-03,21:12:00,2.89,2.95,3,8.84
2025-11-03,21:13:00,2.89,2.95,3,8.84
2025-11-03,21:14:00,2.89,2.95,3,8.84
2025-11-03,21:15:00,2.89,2.95,3,8.84
2025-11-03,21:16:00,2.89,2.95,3,8.84
2025-11-03,21:17:00,2.89,2.95,3,8.84
2025-11-03,21:18:00,2.89,2.95,3,8.84
2025-11-03,21:19:00,2.89,2.95,3,8.84
2025-11-03,21:20:00,2.89,2.95,3,8.84
2025-11-03,21:21:00,2.89,2.95,3,8.84
2025-11-03,21:22:00,2.89,2.95,3,8.84
2025-11-03,21:23:00,2.89,2.95,3,8.84
2025-11-03,21:24:00,2.89,2.95,3,8.84
2025-11-03,21:25:00,2.89,2.95,3,8.84
2025-11-03,21:26:00,2.89,2.95,3,8.84
2025-11-03,21:27:00,2.89,2.95,3,8.84
2025-11-03,21:28:00,2.89,2.95,3,8.84
2025-11-03,21:29:00,2.89,2.95,3,8.84
2025-11-03,21:30:00,2.89,2.95,3,8.84
2025-11-03,21:31:00,2.89,2.95,3,8.84
2025-11-03,21:32:00,2.89,2.95,3,8.84
2025-11-03,21:33:00,2.89,2.95,3,8.84
2025-11-03,21:34:00,2.89,2.95,3,8.84
2025-11-03,21:35:00,2.89,2.95,3,8.84
2025-11-03,21:36:00,2.89,2.95,3,8.84
2025-11-03,21:37:00,2.89,2.95,3,8.84
2025-11-03,21:38:00,2.89,2.95,3,8.84
2025-11-03,21:39:00,2.89,2.95,3,8.84
2025-11-03,21:40:00,2.89,2.95,3,8.84
2025-11-03,21:41:00,2.89,2.95,3,8.84
2025-11-03,21:42:00,2.89,2.95,3,8.84
2025-11-03,21:43:00,2.89,2.95,3,8.84
2025-11-03,21:44:00,2.89,2.95,3,8.84
2025-11-03,21:45:00,2.89,2.95,3,8.84
2025-11-03,21:46:00,2.89,2.95,3,8.84
2025-11-03,21:47:00,2.89,2.95,3,8.84
2025-11-03,21:48:00,2.89,2.95,3,8.84
2025-11-03,21:49:00,2.89,2.95,3,8.84
2025-11-03,21:50:00,2.89,2.95,3,8.84
2025-11-03,21:51:00,2.89,2.95,3,8.84
2025-11-03,21:52:00,2.89,2.95,3,8.84
2025-11-03,21:53:00,2.89,2.95,3,8.84
2025-11-03,21:54:00,2.89,2.95,3,8.84
2025-11-03,21:55:00,2.89,2.95,3,8.84
2025-11-03,21:56:00,2.89,2.95,3,8.84
2025-11-03,21:57:00,2.89,2.95,3,8.84
2025-11-03,21:58:00,2.89,2.95,3,8.84
2025-11-03,21:59:00,2.89,2.95,3,8.84
2025-11-03,22:00:00,2.89,2.95,3,8.84
2025-11-03,22:01:00,2.89,2.95,3,8.84
2025-11-03,22:02:00,2.89,2.95,3,8.84
2025-11-03,22:03:00,2.89,2.95,3,8.84
2025-11-03,22:04:00,2.89,2.95,3,8.84
2025-11-03,22:05:00,2.89,2.95,3,8.84
2025-11-03,22:06:00,2.89,2.95,3,8.84
2025-11-03,22:07:00,2.89,2.95,3,8.84
2025-11-03,22:08:00,2.89,2.95,3,8.84
2025-11-03,22:09:00,2.89,2.95,3,8.84
2025-11-03,22:10:00,2.89,2.95,3,8.84
2025-11-03,22:11:00,2.89,2.95,3,8.84
2025-11-03,22:12:00,2.89,2.95,3,8.84
2025-11-03,22:13:00,2.89,2.95,3,8.84
2025-11-03,22:14:00,2.89,2.95,3,8.84
2025-11-03,22:15:00,2.89,2.95,3,8.84
2025-11-03,22:16:00,2.89,2.95,3,8.84
2025-11-03,22:17:00,2.89,2.95,3,8.84
2025-11-03,22:18:00,2.89,2.95,3,8.84
2025-11-03,22:19:00,2.89,2.95,3,8.84
2025-11-03,22:20:00,2.89,2.95,3,8.84
2025-11-03,22:21:00,2.89,2.95,3,8.84
2025-11-03,22:22:00,2.89,2.95,3,8.84
2025-11-03,22:23:00,2.89,2.95,3,8.84
2025-11-03,22:24:00,2.89,2.95,3,8.84
2025-11-03,22:25:00,2.89,2.95,3,8.84
2025-11-03,22:26:00,2.89,2.95,3,8.84
2025-11-03,22:27:00,2.89,2.95,3,8.84
2025-11-03,22:28:00,2.89,2.95,3,8.84
2025-11-03,22:29:00,2.89,2.95,3,8.84
2025-11-03,22:30:00,2.89,2.95,3,8.84
2025-11-03,22:31:00,2.89,2.95,3,8.84
2025-11-03,22:32:00,2.89,2.95,3,8.84
2025-11-03,22:33:00,2.89,2.95,3,8.84
2025-11-03,22:34:00,2.89,2.95,3,8.84
2025-11-03,22:35:00,2.89,2.95,3,8.84
2025-11-03,22:36:00,2.89,2.95,3,8.84
2025-11-03,22:37:00,2.89,2.95,3,8.84
2025-11-03,22:38:00,2.89,2.95,3,8.84
2025-11-03,22:39:00,2.89,2.95,3,8.84
2025-11-03,22:40:00,2.89,2.95,3,8.84
2025-11-03,22:41:00,2.89,2.95,3,8.84
2025-11-03,22:42:00,2.89,2.95,3,8.84
2025-11-03,22:43:00,2.89,2.95,3,8.84
2025-11-03,22:44:00,2.89,2.95,3,8.84
2025-11-03,22:45:00,2.89,2.95,3,8.84
2025-11-03,22:46:00,2.89,2.95,3,8.84
2025-11-03,22:47:00,2.89,2.95,3,8.84
2025-11-03,22:48:00,2.89,2.95,3,8.84
2025-11-03,22:49:00,2.89,2.95,3,8.84
2025-11-03,22:50:00,2.89,2.95,3,8.84
2025-11-03,22:51:00,2.89,2.95,3,8.84
2025-11-03,22:52:00,2.89,2.95,3,8.84
2025-11-03,22:53:00,2.89,2.95,3,8.84
2025-11-03,22:54:00,2.89,2.95,3,8.84
2025-11-03,22:55:00,2.89,2.95,3,8.84
2025-11-03,22:56:00,2.89,2.95,3,8.84
2025-11-03,22:57:00,2.89,2.95,3,8.84
2025-11-03,22:58:00,2.89,2.95,3,8.84
2025-11-03,22:59:00,2.89,2.95,3,8.84
2025-11-03,23:00:00,2.89,2.95,3,8.84
2025-11-03,23:01:00,2.89,2.95,3,8.84
2025-11-03,23:02:00,2.89,2.95,3,8.84
2025-11-03,23:03:00,2.89,2.95,3,8.84
2025-11-03,23:04:00,2.89,2.95,3,8.84
2025-11-03,23:05:00,2.89,2.95,3,8.84
2025-11-03,23:06:00,2.89,2.95,3,8.84
2025-11-03,23:07:00,2.89,2.95,3,8.84
2025-11-03,23:08:00,2.89,2.95,3,8.84
2025-11-03,23:09:00,2.89,2.95,3,8.84
2025-11-03,23:10:00,2.89,2.95,3,8.84
2025-11-03,23:11:00,2.89,2.95,3,8.84
2025-11-03,23:12:00,2.89,2.95,3,8.84
2025-11-03,23:13:00,2.89,2.95,3,8.84
2025-11-03,23:14:00,2.89,2.95,3,8.84
2025-11-03,23:15:00,2.89,2.95,3,8.84
2025-11-03,23:16:00,2.89,2.95,3,8.84
2025-11-03,23:17:00,2.89,2.95,3,8.84
2025-11-03,23:18:00,2.89,2.95,3,8.84
2025-11-03,23:19:00,2.89,2.95,3,8.84
2025-11-03,23:20:00,2.89,2.95,3,8.84
2025-11-03,23:21:00,2.89,2.95,3,8.84
2025-11-03,23:22:00,2.89,2.95,3,8.84
2025-11-03,23:23:00,2.89,2.95,3,8.84
2025-11-03,23:24:00,2.89,2.95,3,8.84
2025-11-03,23:25:00,2.89,2.95,3,8.84
2025-11-03,23:26:00,2.89,2.95,3,8.84
2025-11-03,23:27:00,2.89,2.95,3,8.84
2025-11-03,23:28:00,2.89,2.95,3,8.84
2025-11-03,23:29:00,2.89,2.95,3,8.84
2025-11-03,23:30:00,2.89,2.95,3,8.84
2025-11-03,23:31:00,2.89,2.95,3,8.84
2025-11-03,23:32:00,2.89,2.95,3,8.84
2025-11-03,23:33:00,2.89,2.95,3,8.84
2025-11-03,23:34:00,2.89,2.95,3,8.84
2025-11-03,23:35:00,2.89,2.95,3,8.84
2025-11-03,23:36:00,2.89,2.95,3,8.84
2025-11-03,23:37:00,2.89,2.95,3,8.84
2025-11-03,23:38:00,2.89,2.95,3,8.84
2025-11-03,23:39:00,2.89,2.95,3,8.84
2025-11-03,23:40:00,2.89,2.95,3,8.84
2025-11-03,23:41:00,2.89,2.95,3,8.84
2025-11-03,23:42:00,2.89,2.95,3,8.84
2025-11-03,23:43:00,2.89,2.95,3,8.84
2025-11-03,23:44:00,2.89,2.95,3,8.84
2025-11-03,23:45:00,2.89,2.95,3,8.84
2025-11-03,23:46:00,2.89,2.95,3,8.84
2025-11-03,23:47:00,2.89,2.95,3,8.84
2025-11-03,23:48:00,2.89,2.95,3,8.84
2025-11-03,23:49:00,2.89,2.95,3,8.84
2025-11-03,23:50:00,2.89,2.95,3,8.84
2025-11-03,23:51:00,2.89,2.95,3,8.84
2025-11-03,23:52:00,2.89,2.95,3,8.84
2025-11-03,23:53:00,2.89,2.95,3,8.84
2025-11-03,23:54:00,2.89,2.95,3,8.84
2025-11-03,23:55:00,2.89,2.95,3,8.84
2025-11-03,23:56:00,2.89,2.95,3,8.84
2025-11-03,23:57:00,2.89,2.95,3,8.84
2025-11-03,23:58:00,2.89,2.95,3,8.84
2025-11-03,23:59:00,2.89,2.95,3,8.84
