Date,Time,전압(V),전류(A),전력량(W),누적 전력량(Wh)
2025-11-03,0:00:00,0,0,0,0
2025-11-03,0:01:00,0,0,0,0
2025-11-03,0:02:00,0,0,0,0
2025-11-03,0:03:00,0,0,0,0
2025-11-03,0:04:00,0,0,0,0
2025-11-03,0:05:00,0,0,0,0
2025-11-03,0:06:00,0,0,0,0
2025-11-03,0:07:00,0,0,0,0
2025-11-03,0:08:00,0,0,0,0
2025-11-03,0:09:00,0,0,0,0
2025-11-03,0:10:00,0,0,0,0
2025-11-03,0:11:00,0,0,0,0
2025-11-03,0:12:00,0,0,0,0
2025-11-03,0:13:00,0,0,0,0
2025-11-03,0:14:00,0,0,0,0
2025-11-03,0:15:00,0,0,0,0
2025-11-03,0:16:00,0,0,0,0
2025-11-03,0:17:00,0,0,0,0
2025-11-03,0:18:00,0,0,0,0
2025-11-03,0:19:00,0,0,0,0
2025-11-03,0:20:00,0,0,0,0
2025-11-03,0:21:00,0,0,0,0
2025-11-03,0:22:00,0,0,0,0
2025-11-03,0:23:00,0,0,0,0
2025-11-03,0:24:00,0,0,0,0
2025-11-03,0:25:00,0,0,0,0
2025-11-03,0:26:00,0,0,0,0
2025-11-03,0:27:00,0,0,0,0
2025-11-03,0:28:00,0,0,0,0
2025-11-03,0:29:00,0,0,0,0
2025-11-03,0:30:00,0,0,0,0
2025-11-03,0:31:00,0,0,0,0
2025-11-03,0:32:00,0,0,0,0
2025-11-03,0:33:00,0,0,0,0
2025-11-03,0:34:00,0,0,0,0
2025-11-03,0:35:00,0,0,0,0
2025-11-03,0:36:00,0,0,0,0
2025-11-03,0:37:00,0,0,0,0
2025-11-03,0:38:00,0,0,0,0
2025-11-03,0:39:00,0,0,0,0
2025-11-03,0:40:00,0,0,0,0
2025-11-03,0:41:00,0,0,0,0
2025-11-03,0:42:00,0,0,0,0
2025-11-03,0:43:00,0,0,0,0
2025-11-03,0:44:00,0,0,0,0
2025-11-03,0:45:00,0,0,0,0
2025-11-03,0:46:00,0,0,0,0
2025-11-03,0:47:00,0,0,0,0
2025-11-03,0:48:00,0,0,0,0
2025-11-03,0:49:00,0,0,0,0
2025-11-03,0:50:00,0,0,0,0
2025-11-03,0:51:00,0,0,0,0
2025-11-03,0:52:00,0,0,0,0
2025-11-03,0:53:00,0,0,0,0
2025-11-03,0:54:00,0,0,0,0
2025-11-03,0:55:00,0,0,0,0
2025-11-03,0:56:00,0,0,0,0
2025-11-03,0:57:00,0,0,0,0
2025-11-03,0:58:00,0,0,0,0
2025-11-03,0:59:00,0,0,0,0
2025-11-03,1:00:00,0,0,0,0
2025-11-03,1:01:00,0,0,0,0
2025-11-03,1:02:00,0,0,0,0
2025-11-03,1:03:00,0,0,0,0
2025-11-03,1:04:00,0,0,0,0
2025-11-03,1:05:00,0,0,0,0
2025-11-03,1:06:00,0,0,0,0
2025-11-03,1:07:00,0,0,0,0
2025-11-03,1:08:00,0,0,0,0
2025-11-03,1:09:00,0,0,0,0
2025-11-03,1:10:00,0,0,0,0
2025-11-03,1:11:00,0,0,0,0
2025-11-03,1:12:00,0,0,0,0
2025-11-03,1:13:00,0,0,0,0
2025-11-03,1:14:00,0,0,0,0
2025-11-03,1:15:00,0,0,0,0
2025-11-03,1:16:00,0,0,0,0
2025-11-03,1:17:00,0,0,0,0
2025-11-03,1:18:00,0,0,0,0
2025-11-03,1:19:00,0,0,0,0
2025-11-03,1:20:00,0,0,0,0
2025-11-03,1:21:00,0,0,0,0
2025-11-03,1:22:00,0,0,0,0
2025-11-03,1:23:00,0,0,0,0
2025-11-03,1:24:00,0,0,0,0
2025-11-03,1:25:00,0,0,0,0
2025-11-03,1:26:00,0,0,0,0
2025-11-03,1:27:00,0,0,0,0
2025-11-03,1:28:00,0,0,0,0
2025-11-03,1:29:00,0,0,0,0
2025-11-03,1:30:00,0,0,0,0
2025-11-03,1:31:00,0,0,0,0
2025-11-03,1:32:00,0,0,0,0
2025-11-03,1:33:00,0,0,0,0
2025-11-03,1:34:00,0,0,0,0
2025-11-03,1:35:00,0,0,0,0
2025-11-03,1:36:00,0,0,0,0
2025-11-03,1:37:00,0,0,0,0
2025-11-03,1:38:00,0,0,0,0
2025-11-03,1:39:00,0,0,0,0
2025-11-03,1:40:00,0,0,0,0
2025-11-03,1:41:00,0,0,0,0
2025-11-03,1:42:00,0,0,0,0
2025-11-03,1:43:00,0,0,0,0
2025-11-03,1:44:00,0,0,0,0
2025-11-03,1:45:00,0,0,0,0
2025-11-03,1:46:00,0,0,0,0
2025-11-03,1:47:00,0,0,0,0
2025-11-03,1:48:00,0,0,0,0
2025-11-03,1:49:00,0,0,0,0
2025-11-03,1:50:00,0,0,0,0
2025-11-03,1:51:00,0,0,0,0
2025-11-03,1:52:00,0,0,0,0
2025-11-03,1:53:00,0,0,0,0
2025-11-03,1:54:00,0,0,0,0
2025-11-03,1:55:00,0,0,0,0
2025-11-03,1:56:00,0,0,0,0
2025-11-03,1:57:00,0,0,0,0
2025-11-03,1:58:00,0,0,0,0
2025-11-03,1:59:00,0,0,0,0
2025-11-03,2:00:00,0,0,0,0
2025-11-03,2:01:00,0,0,0,0
2025-11-03,2:02:00,0,0,0,0
2025-11-03,2:03:00,0,0,0,0
2025-11-03,2:04:00,0,0,0,0
2025-11-03,2:05:00,0,0,0,0
2025-11-03,2:06:00,0,0,0,0
2025-11-03,2:07:00,0,0,0,0
2025-11-03,2:08:00,0,0,0,0
2025-11-03,2:09:00,0,0,0,0
2025-11-03,2:10:00,0,0,0,0
2025-11-03,2:11:00,0,0,0,0
2025-11-03,2:12:00,0,0,0,0
2025-11-03,2:13:00,0,0,0,0
2025-11-03,2:14:00,0,0,0,0
2025-11-03,2:15:00,0,0,0,0
2025-11-03,2:16:00,0,0,0,0
2025-11-03,2:17:00,0,0,0,0
2025-11-03,2:18:00,0,0,0,0
2025-11-03,2:19:00,0,0,0,0
2025-11-03,2:20:00,0,0,0,0
2025-11-03,2:21:00,0,0,0,0
2025-11-03,2:22:00,0,0,0,0
2025-11-03,2:23:00,0,0,0,0
2025-11-03,2:24:00,0,0,0,0
2025-11-03,2:25:00,0,0,0,0
2025-11-03,2:26:00,0,0,0,0
2025-11-03,2:27:00,0,0,0,0
2025-11-03,2:28:00,0,0,0,0
2025-11-03,2:29:00,0,0,0,0
2025-11-03,2:30:00,0,0,0,0
2025-11-03,2:31:00,0,0,0,0
2025-11-03,2:32:00,0,0,0,0
2025-11-03,2:33:00,0,0,0,0
2025-11-03,2:34:00,0,0,0,0
2025-11-03,2:35:00,0,0,0,0
2025-11-03,2:36:00,0,0,0,0
2025-11-03,2:37:00,0,0,0,0
2025-11-03,2:38:00,0,0,0,0
2025-11-03,2:39:00,0,0,0,0
2025-11-03,2:40:00,0,0,0,0
2025-11-03,2:41:00,0,0,0,0
2025-11-03,2:42:00,0,0,0,0
2025-11-03,2:43:00,0,0,0,0
2025-11-03,2:44:00,0,0,0,0
2025-11-03,2:45:00,0,0,0,0
2025-11-03,2:46:00,0,0,0,0
2025-11-03,2:47:00,0,0,0,0
2025-11-03,2:48:00,0,0,0,0
2025-11-03,2:49:00,0,0,0,0
2025-11-03,2:50:00,0,0,0,0
2025-11-03,2:51:00,0,0,0,0
2025-11-03,2:52:00,0,0,0,0
2025-11-03,2:53:00,0,0,0,0
2025-11-03,2:54:00,0,0,0,0
2025-11-03,2:55:00,0,0,0,0
2025-11-03,2:56:00,0,0,0,0
2025-11-03,2:57:00,0,0,0,0
2025-11-03,2:58:00,0,0,0,0
2025-11-03,2:59:00,0,0,0,0
2025-11-03,3:00:00,0,0,0,0
2025-11-03,3:01:00,0,0,0,0
2025-11-03,3:02:00,0,0,0,0
2025-11-03,3:03:00,0,0,0,0
2025-11-03,3:04:00,0,0,0,0
2025-11-03,3:05:00,0,0,0,0
2025-11-03,3:06:00,0,0,0,0
2025-11-03,3:07:00,0,0,0,0
2025-11-03,3:08:00,0,0,0,0
2025-11-03,3:09:00,0,0,0,0
2025-11-03,3:10:00,0,0,0,0
2025-11-03,3:11:00,0,0,0,0
2025-11-03,3:12:00,0,0,0,0
2025-11-03,3:13:00,0,0,0,0
2025-11-03,3:14:00,0,0,0,0
2025-11-03,3:15:00,0,0,0,0
2025-11-03,3:16:00,0,0,0,0
2025-11-03,3:17:00,0,0,0,0
2025-11-03,3:18:00,0,0,0,0
2025-11-03,3:19:00,0,0,0,0
2025-11-03,3:20:00,0,0,0,0
2025-11-03,3:21:00,0,0,0,0
2025-11-03,3:22:00,0,0,0,0
2025-11-03,3:23:00,0,0,0,0
2025-11-03,3:24:00,0,0,0,0
2025-11-03,3:25:00,0,0,0,0
2025-11-03,3:26:00,0,0,0,0
2025-11-03,3:27:00,0,0,0,0
2025-11-03,3:28:00,0,0,0,0
2025-11-03,3:29:00,0,0,0,0
2025-11-03,3:30:00,0,0,0,0
2025-11-03,3:31:00,0,0,0,0
2025-11-03,3:32:00,0,0,0,0
2025-11-03,3:33:00,0,0,0,0
2025-11-03,3:34:00,0,0,0,0
2025-11-03,3:35:00,0,0,0,0
2025-11-03,3:36:00,0,0,0,0
2025-11-03,3:37:00,0,0,0,0
2025-11-03,3:38:00,0,0,0,0
2025-11-03,3:39:00,0,0,0,0
2025-11-03,3:40:00,0,0,0,0
2025-11-03,3:41:00,0,0,0,0
2025-11-03,3:42:00,0,0,0,0
2025-11-03,3:43:00,0,0,0,0
2025-11-03,3:44:00,0,0,0,0
2025-11-03,3:45:00,0,0,0,0
2025-11-03,3:46:00,0,0,0,0
2025-11-03,3:47:00,0,0,0,0
2025-11-03,3:48:00,0,0,0,0
2025-11-03,3:49:00,0,0,0,0
2025-11-03,3:50:00,0,0,0,0
2025-11-03,3:51:00,0,0,0,0
2025-11-03,3:52:00,0,0,0,0
2025-11-03,3:53:00,0,0,0,0
2025-11-03,3:54:00,0,0,0,0
2025-11-03,3:55:00,0,0,0,0
2025-11-03,3:56:00,0,0,0,0
2025-11-03,3:57:00,0,0,0,0
2025-11-03,3:58:00,0,0,0,0
2025-11-03,3:59:00,0,0,0,0
2025-11-03,4:00:00,0,0,0,0
2025-11-03,4:01:00,0,0,0,0
2025-11-03,4:02:00,0,0,0,0
2025-11-03,4:03:00,0,0,0,0
2025-11-03,4:04:00,0,0,0,0
2025-11-03,4:05:00,0,0,0,0
2025-11-03,4:06:00,0,0,0,0
2025-11-03,4:07:00,0,0,0,0
2025-11-03,4:08:00,0,0,0,0
2025-11-03,4:09:00,0,0,0,0
2025-11-03,4:10:00,0,0,0,0
2025-11-03,4:11:00,0,0,0,0
2025-11-03,4:12:00,0,0,0,0
2025-11-03,4:13:00,0,0,0,0
2025-11-03,4:14:00,0,0,0,0
2025-11-03,4:15:00,0,0,0,0
2025-11-03,4:16:00,0,0,0,0
2025-11-03,4:17:00,0,0,0,0
2025-11-03,4:18:00,0,0,0,0
2025-11-03,4:19:00,0,0,0,0
2025-11-03,4:20:00,0,0,0,0
2025-11-03,4:21:00,0,0,0,0
2025-11-03,4:22:00,0,0,0,0
2025-11-03,4:23:00,0,0,0,0
2025-11-03,4:24:00,0,0,0,0
2025-11-03,4:25:00,0,0,0,0
2025-11-03,4:26:00,0,0,0,0
2025-11-03,4:27:00,0,0,0,0
2025-11-03,4:28:00,0,0,0,0
2025-11-03,4:29:00,0,0,0,0
2025-11-03,4:30:00,0,0,0,0
2025-11-03,4:31:00,0,0,0,0
2025-11-03,4:32:00,0,0,0,0
2025-11-03,4:33:00,0,0,0,0
2025-11-03,4:34:00,0,0,0,0
2025-11-03,4:35:00,0,0,0,0
2025-11-03,4:36:00,0,0,0,0
2025-11-03,4:37:00,0,0,0,0
2025-11-03,4:38:00,0,0,0,0
2025-11-03,4:39:00,0,0,0,0
2025-11-03,4:40:00,0,0,0,0
2025-11-03,4:41:00,0,0,0,0
2025-11-03,4:42:00,0,0,0,0
2025-11-03,4:43:00,0,0,0,0
2025-11-03,4:44:00,0,0,0,0
2025-11-03,4:45:00,0,0,0,0
2025-11-03,4:46:00,0,0,0,0
2025-11-03,4:47:00,0,0,0,0
2025-11-03,4:48:00,0,0,0,0
2025-11-03,4:49:00,0,0,0,0
2025-11-03,4:50:00,0,0,0,0
2025-11-03,4:51:00,0,0,0,0
2025-11-03,4:52:00,0,0,0,0
2025-11-03,4:53:00,0,0,0,0
2025-11-03,4:54:00,0,0,0,0
2025-11-03,4:55:00,0,0,0,0
2025-11-03,4:56:00,0,0,0,0
2025-11-03,4:57:00,0,0,0,0
2025-11-03,4:58:00,0,0,0,0
2025-11-03,4:59:00,0,0,0,0
2025-11-03,5:00:00,0,0,0,0
2025-11-03,5:01:00,0,0,0,0
2025-11-03,5:02:00,0,0,0,0
2025-11-03,5:03:00,0,0,0,0
2025-11-03,5:04:00,0,0,0,0
2025-11-03,5:05:00,0,0,0,0
2025-11-03,5:06:00,0,0,0,0
2025-11-03,5:07:00,0,0,0,0
2025-11-03,5:08:00,0,0,0,0
2025-11-03,5:09:00,0,0,0,0
2025-11-03,5:10:00,0,0,0,0
2025-11-03,5:11:00,0,0,0,0
2025-11-03,5:12:00,0,0,0,0
2025-11-03,5:13:00,0,0,0,0
2025-11-03,5:14:00,0,0,0,0
2025-11-03,5:15:00,0,0,0,0
2025-11-03,5:16:00,0,0,0,0
2025-11-03,5:17:00,0,0,0,0
2025-11-03,5:18:00,0,0,0,0
2025-11-03,5:19:00,0,0,0,0
2025-11-03,5:20:00,0,0,0,0
2025-11-03,5:21:00,0,0,0,0
2025-11-03,5:22:00,0,0,0,0
2025-11-03,5:23:00,0,0,0,0
2025-11-03,5:24:00,0,0,0,0
2025-11-03,5:25:00,0,0,0,0
2025-11-03,5:26:00,0,0,0,0
2025-11-03,5:27:00,0,0,0,0
2025-11-03,5:28:00,0,0,0,0
2025-11-03,5:29:00,0,0,0,0
2025-11-03,5:30:00,0,0,0,0
2025-11-03,5:31:00,0,0,0,0
2025-11-03,5:32:00,0,0,0,0
2025-11-03,5:33:00,0,0,0,0
2025-11-03,5:34:00,0,0,0,0
2025-11-03,5:35:00,0,0,0,0
2025-11-03,5:36:00,0,0,0,0
2025-11-03,5:37:00,0,0,0,0
2025-11-03,5:38:00,0,0,0,0
2025-11-03,5:39:00,0,0,0,0
2025-11-03,5:40:00,0,0,0,0
2025-11-03,5:41:00,0,0,0,0
2025-11-03,5:42:00,0,0,0,0
2025-11-03,5:43:00,0,0,0,0
2025-11-03,5:44:00,0,0,0,0
2025-11-03,5:45:00,0,0,0,0
2025-11-03,5:46:00,0,0,0,0
2025-11-03,5:47:00,0,0,0,0
2025-11-03,5:48:00,0,0,0,0
2025-11-03,5:49:00,0,0,0,0
2025-11-03,5:50:00,0,0,0,0
2025-11-03,5:51:00,0,0,0,0
2025-11-03,5:52:00,0,0,0,0
2025-11-03,5:53:00,0,0,0,0
2025-11-03,5:54:00,0,0,0,0
2025-11-03,5:55:00,0,0,0,0
2025-11-03,5:56:00,0,0,0,0
2025-11-03,5:57:00,0,0,0,0
2025-11-03,5:58:00,0,0,0,0
2025-11-03,5:59:00,0,0,0,0
2025-11-03,6:00:00,0,0,0,0
2025-11-03,6:01:00,0,0,0,0
2025-11-03,6:02:00,0,0,0,0
2025-11-03,6:03:00,0,0,0,0
2025-11-03,6:04:00,0,0,0,0
2025-11-03,6:05:00,0,0,0,0
2025-11-03,6:06:00,0,0,0,0
2025-11-03,6:07:00,0,0,0,0
2025-11-03,6:08:00,0,0,0,0
2025-11-03,6:09:00,0,0,0,0
2025-11-03,6:10:00,0,0,0,0
2025-11-03,6:11:00,0,0,0,0
2025-11-03,6:12:00,0,0,0,0
2025-11-03,6:13:00,0,0,0,0
2025-11-03,6:14:00,0,0,0,0
2025-11-03,6:15:00,0,0,0,0
2025-11-03,6:16:00,0,0,0,0
2025-11-03,6:17:00,0,0,0,0
2025-11-03,6:18:00,0,0,0,0
2025-11-03,6:19:00,0,0,0,0
2025-11-03,6:20:00,0,0,0,0
2025-11-03,6:21:00,0,0,0,0
2025-11-03,6:22:00,0,0,0,0
2025-11-03,6:23:00,0,0,0,0
2025-11-03,6:24:00,0,0,0,0
2025-11-03,6:25:00,0,0,0,0
2025-11-03,6:26:00,0,0,0,0
2025-11-03,6:27:00,0,0,0,0
2025-11-03,6:28:00,0,0,0,0
2025-11-03,6:29:00,0,0,0,0
2025-11-03,6:30:00,0,0,0,0
2025-11-03,6:31:00,0,0,0,0
2025-11-03,6:32:00,0,0,0,0
2025-11-03,6:33:00,0,0,0,0
2025-11-03,6:34:00,0,0,0,0
2025-11-03,6:35:00,0,0,0,0
2025-11-03,6:36:00,0,0,0,0
2025-11-03,6:37:00,0,0,0,0
2025-11-03,6:38:00,0,0,0,0
2025-11-03,6:39:00,0,0,0,0
2025-11-03,6:40:00,0,0,0,0
2025-11-03,6:41:00,0,0,0,0
2025-11-03,6:42:00,0,0,0,0
2025-11-03,6:43:00,0,0,0,0
2025-11-03,6:44:00,0,0,0,0
2025-11-03,6:45:00,0,0,0,0
2025-11-03,6:46:00,0,0,0,0
2025-11-03,6:47:00,0,0,0,0
2025-11-03,6:48:00,0,0,0,0
2025-11-03,6:49:00,0,0,0,0
2025-11-03,6:50:00,0,0,0,0
2025-11-03,6:51:00,0,0,0,0
2025-11-03,6:52:00,0,0,0,0
2025-11-03,6:53:00,0,0,0,0
2025-11-03,6:54:00,0,0,0,0
2025-11-03,6:55:00,0,0,0,0
2025-11-03,6:56:00,0,0,0,0
2025-11-03,6:57:00,0,0,0,0
2025-11-03,6:58:00,0,0,0,0
2025-11-03,6:59:00,0,0,0,0
2025-11-03,7:00:00,7.54,0.01,0.08,0
2025-11-03,7:01:00,7.55,0.02,0.13,0
2025-11-03,7:02:00,7.57,0.03,0.19,0
2025-11-03,7:03:00,7.58,0.03,0.25,0
2025-11-03,7:04:00,7.59,0.04,0.31,0
2025-11-03,7:05:00,7.61,0.05,0.36,0
2025-11-03,7:06:00,7.62,0.06,0.42,0
2025-11-03,7:07:00,7.63,0.06,0.48,0
2025-11-03,7:08:00,7.65,0.07,0.54,0
2025-11-03,7:09:00,7.66,0.08,0.6,0
2025-11-03,7:10:00,7.68,0.09,0.66,0
2025-11-03,7:11:00,7.69,0.09,0.72,0
2025-11-03,7:12:00,7.7,0.1,0.78,0
2025-11-03,7:13:00,7.72,0.11,0.84,0
2025-11-03,7:14:00,7.73,0.12,0.9,0
2025-11-03,7:15:00,7.74,0.12,0.96,0
2025-11-03,7:16:00,7.76,0.13,1.02,0
2025-11-03,7:17:00,7.77,0.14,1.08,0
2025-11-03,7:18:00,7.78,0.15,1.14,0
2025-11-03,7:19:00,7.8,0.15,1.2,0
2025-11-03,7:20:00,7.81,0.16,1.26,0
2025-11-03,7:21:00,7.82,0.17,1.32,0
2025-11-03,7:22:00,7.84,0.18,1.38,0
2025-11-03,7:23:00,7.85,0.18,1.45,0
2025-11-03,7:24:00,7.86,0.19,1.51,0
2025-11-03,7:25:00,7.88,0.2,1.57,0
2025-11-03,7:26:00,7.89,0.21,1.63,0
2025-11-03,7:27:00,7.9,0.21,1.69,0
2025-11-03,7:28:00,7.92,0.22,1.76,0
2025-11-03,7:29:00,7.93,0.23,1.82,0
2025-11-03,7:30:00,7.94,0.24,1.88,0
2025-11-03,7:31:00,7.96,0.24,1.95,1
2025-11-03,7:32:00,7.97,0.25,2.01,1
2025-11-03,7:33:00,7.99,0.26,2.07,1
2025-11-03,7:34:00,8,0.27,2.14,1
2025-11-03,7:35:00,8.01,0.27,2.2,1
2025-11-03,7:36:00,8.03,0.28,2.27,1
2025-11-03,7:37:00,8.04,0.29,2.33,1
2025-11-03,7:38:00,8.05,0.3,2.4,1
2025-11-03,7:39:00,8.07,0.31,2.46,1
2025-11-03,7:40:00,8.08,0.31,2.53,1
2025-11-03,7:41:00,8.09,0.32,2.59,1
2025-11-03,7:42:00,8.11,0.33,2.66,1
2025-11-03,7:43:00,8.12,0.34,2.72,1
2025-11-03,7:44:00,8.13,0.34,2.79,1
2025-11-03,7:45:00,8.15,0.35,2.86,1
2025-11-03,7:46:00,8.16,0.36,2.92,1
2025-11-03,7:47:00,8.17,0.37,2.99,1
2025-11-03,7:48:00,8.19,0.37,3.06,1
2025-11-03,7:49:00,8.2,0.38,3.12,1
2025-11-03,7:50:00,8.21,0.39,3.19,1
2025-11-03,7:51:00,8.23,0.4,3.26,1
2025-11-03,7:52:00,8.24,0.4,3.33,1
2025-11-03,7:53:00,8.26,0.41,3.39,2
2025-11-03,7:54:00,8.27,0.42,3.46,2
2025-11-03,7:55:00,8.28,0.43,3.53,2
2025-11-03,7:56:00,8.3,0.43,3.6,2
2025-11-03,7:57:00,8.31,0.44,3.67,2
2025-11-03,7:58:00,8.32,0.45,3.74,2
2025-11-03,7:59:00,8.34,0.46,3.81,2
2025-11-03,8:00:00,8.35,0.46,3.88,2
2025-11-03,8:01:00,8.36,0.47,3.94,2
2025-11-03,8:02:00,8.38,0.48,4.01,2
2025-11-03,8:03:00,8.39,0.49,4.08,2
2025-11-03,8:04:00,8.4,0.49,4.15,2
2025-11-03,8:05:00,8.42,0.5,4.23,2
2025-11-03,8:06:00,8.43,0.51,4.3,2
2025-11-03,8:07:00,8.44,0.52,4.37,2
2025-11-03,8:08:00,8.46,0.52,4.44,3
2025-11-03,8:09:00,8.47,0.53,4.51,3
2025-11-03,8:10:00,8.49,0.54,4.58,3
2025-11-03,8:11:00,8.5,0.55,4.65,3
2025-11-03,8:12:00,8.51,0.55,4.72,3
2025-11-03,8:13:00,8.53,0.56,4.8,3
2025-11-03,8:14:00,8.54,0.57,4.87,3
2025-11-03,8:15:00,8.55,0.58,4.94,3
2025-11-03,8:16:00,8.57,0.59,5.01,3
2025-11-03,8:17:00,8.58,0.59,5.09,3
2025-11-03,8:18:00,8.59,0.6,5.16,3
2025-11-03,8:19:00,8.61,0.61,5.23,3
2025-11-03,8:20:00,8.62,0.62,5.31,3
2025-11-03,8:21:00,8.63,0.62,5.38,4
2025-11-03,8:22:00,8.65,0.63,5.45,4
2025-11-03,8:23:00,8.66,0.64,5.53,4
2025-11-03,8:24:00,8.67,0.65,5.6,4
2025-11-03,8:25:00,8.69,0.65,5.68,4
2025-11-03,8:26:00,8.7,0.66,5.75,4
2025-11-03,8:27:00,8.71,0.67,5.83,4
2025-11-03,8:28:00,8.73,0.68,5.9,4
2025-11-03,8:29:00,8.74,0.68,5.98,4
2025-11-03,8:30:00,8.76,0.69,6.05,4
2025-11-03,8:31:00,8.77,0.7,6.13,5
2025-11-03,8:32:00,8.78,0.71,6.2,5
2025-11-03,8:33:00,8.8,0.71,6.28,5
2025-11-03,8:34:00,8.81,0.72,6.36,5
2025-11-03,8:35:00,8.82,0.73,6.43,5
2025-11-03,8:36:00,8.84,0.74,6.51,5
2025-11-03,8:37:00,8.85,0.74,6.59,5
2025-11-03,8:38:00,8.86,0.75,6.66,5
2025-11-03,8:39:00,8.88,0.76,6.74,5
2025-11-03,8:40:00,8.89,0.77,6.82,6
2025-11-03,8:41:00,8.9,0.77,6.89,6
2025-11-03,8:42:00,8.92,0.78,6.97,6
2025-11-03,8:43:00,8.93,0.79,7.05,6
2025-11-03,8:44:00,8.94,0.8,7.13,6
2025-11-03,8:45:00,8.96,0.8,7.21,6
2025-11-03,8:46:00,8.97,0.81,7.29,6
2025-11-03,8:47:00,8.98,0.82,7.37,6
2025-11-03,8:48:00,9,0.83,7.44,6
2025-11-03,8:49:00,9.01,0.83,7.52,7
2025-11-03,8:50:00,9.03,0.84,7.6,7
2025-11-03,8:51:00,9.04,0.85,7.68,7
2025-11-03,8:52:00,9.05,0.86,7.76,7
2025-11-03,8:53:00,9.07,0.87,7.84,7
2025-11-03,8:54:00,9.08,0.87,7.92,7
2025-11-03,8:55:00,9.09,0.88,8,7
2025-11-03,8:56:00,9.11,0.89,8.09,8
2025-11-03,8:57:00,9.12,0.9,8.17,8
2025-11-03,8:58:00,9.13,0.9,8.25,8
2025-11-03,8:59:00,9.15,0.91,8.33,8
2025-11-03,9:00:00,9.16,0.92,8.41,8
2025-11-03,9:01:00,9.17,0.93,8.49,8
2025-11-03,9:02:00,9.19,0.93,8.57,8
2025-11-03,9:03:00,9.2,0.94,8.66,8
2025-11-03,9:04:00,9.21,0.95,8.74,9
2025-11-03,9:05:00,9.23,0.96,8.82,9
2025-11-03,9:06:00,9.24,0.96,8.9,9
2025-11-03,9:07:00,9.25,0.97,8.99,9
2025-11-03,9:08:00,9.27,0.98,9.07,9
2025-11-03,9:09:00,9.28,0.99,9.15,9
2025-11-03,9:10:00,9.3,0.99,9.24,10
2025-11-03,9:11:00,9.31,1,9.32,10
2025-11-03,9:12:00,9.32,1.01,9.41,10
2025-11-03,9:13:00,9.34,1.02,9.49,10
2025-11-03,9:14:00,9.35,1.02,9.57,10
2025-11-03,9:15:00,9.36,1.03,9.66,10
2025-11-03,9:16:00,9.38,1.04,9.74,10
2025-11-03,9:17:00,9.39,1.05,9.83,11
2025-11-03,9:18:00,9.4,1.05,9.91,11
2025-11-03,9:19:00,9.42,1.06,10,11
2025-11-03,9:20:00,9.43,1.07,10.09,11
2025-11-03,9:21:00,9.44,1.08,10.17,11
2025-11-03,9:22:00,9.46,1.08,10.26,12
2025-11-03,9:23:00,9.47,1.09,10.34,12
2025-11-03,9:24:00,9.48,1.1,10.43,12
2025-11-03,9:25:00,9.5,1.11,10.52,12
2025-11-03,9:26:00,9.51,1.11,10.6,12
2025-11-03,9:27:00,9.52,1.12,10.69,12
2025-11-03,9:28:00,9.54,1.13,10.78,13
2025-11-03,9:29:00,9.55,1.14,10.87,13
2025-11-03,9:30:00,9.57,1.15,10.95,13
2025-11-03,9:31:00,9.58,1.15,11.04,13
2025-11-03,9:32:00,9.59,1.16,11.13,13
2025-11-03,9:33:00,9.61,1.17,11.22,13
2025-11-03,9:34:00,9.62,1.18,11.31,14
2025-11-03,9:35:00,9.63,1.18,11.4,14
2025-11-03,9:36:00,9.65,1.19,11.49,14
2025-11-03,9:37:00,9.66,1.2,11.57,14
2025-11-03,9:38:00,9.67,1.21,11.66,14
2025-11-03,9:39:00,9.69,1.21,11.75,15
2025-11-03,9:40:00,9.7,1.22,11.84,15
2025-11-03,9:41:00,9.71,1.23,11.93,15
2025-11-03,9:42:00,9.73,1.24,12.02,15
2025-11-03,9:43:00,9.74,1.24,12.11,15
2025-11-03,9:44:00,9.75,1.25,12.2,16
2025-11-03,9:45:00,9.77,1.26,12.3,16
2025-11-03,9:46:00,9.78,1.27,12.39,16
2025-11-03,9:47:00,9.79,1.27,12.48,16
2025-11-03,9:48:00,9.81,1.28,12.57,16
2025-11-03,9:49:00,9.82,1.29,12.66,17
2025-11-03,9:50:00,9.84,1.3,12.75,17
2025-11-03,9:51:00,9.85,1.3,12.84,17
2025-11-03,9:52:00,9.86,1.31,12.94,17
2025-11-03,9:53:00,9.88,1.32,13.03,18
2025-11-03,9:54:00,9.89,1.33,13.12,18
2025-11-03,9:55:00,9.9,1.33,13.21,18
2025-11-03,9:56:00,9.92,1.34,13.31,18
2025-11-03,9:57:00,9.93,1.35,13.4,18
2025-11-03,9:58:00,9.94,1.36,13.49,19
2025-11-03,9:59:00,9.96,1.36,13.59,19
2025-11-03,10:00:00,9.97,1.37,13.68,19
2025-11-03,10:01:00,9.98,1.38,13.78,19
2025-11-03,10:02:00,10,1.39,13.87,20
2025-11-03,10:03:00,10.01,1.4,13.96,20
2025-11-03,10:04:00,10.02,1.4,14.06,20
2025-11-03,10:05:00,10.04,1.41,14.15,20
2025-11-03,10:06:00,10.05,1.42,14.25,20
2025-11-03,10:07:00,10.06,1.43,14.34,21
2025-11-03,10:08:00,10.08,1.43,14.44,21
2025-11-03,10:09:00,10.09,1.44,14.54,21
2025-11-03,10:10:00,10.11,1.45,14.63,21
2025-11-03,10:11:00,10.12,1.46,14.73,22
2025-11-03,10:12:00,10.13,1.46,14.82,22
2025-11-03,10:13:00,10.15,1.47,14.92,22
2025-11-03,10:14:00,10.16,1.48,15.02,22
2025-11-03,10:15:00,10.17,1.49,15.11,23
2025-11-03,10:16:00,10.19,1.49,15.21,23
2025-11-03,10:17:00,10.2,1.5,15.31,23
2025-11-03,10:18:00,10.21,1.51,15.41,23
2025-11-03,10:19:00,10.23,1.52,15.5,24
2025-11-03,10:20:00,10.24,1.52,15.6,24
2025-11-03,10:21:00,10.25,1.53,15.7,24
2025-11-03,10:22:00,10.27,1.54,15.8,25
2025-11-03,10:23:00,10.28,1.55,15.9,25
2025-11-03,10:24:00,10.29,1.55,16,25
2025-11-03,10:25:00,10.31,1.56,16.1,25
2025-11-03,10:26:00,10.32,1.57,16.19,26
2025-11-03,10:27:00,10.33,1.58,16.29,26
2025-11-03,10:28:00,10.35,1.58,16.39,26
2025-11-03,10:29:00,10.36,1.59,16.49,26
2025-11-03,10:30:00,10.38,1.6,16.59,27
2025-11-03,10:31:00,10.39,1.61,16.69,27
2025-11-03,10:32:00,10.4,1.61,16.79,27
2025-11-03,10:33:00,10.42,1.62,16.89,28
2025-11-03,10:34:00,10.43,1.63,17,28
2025-11-03,10:35:00,10.44,1.64,17.1,28
2025-11-03,10:36:00,10.46,1.64,17.2,28
2025-11-03,10:37:00,10.47,1.65,17.3,29
2025-11-03,10:38:00,10.48,1.66,17.4,29
2025-11-03,10:39:00,10.5,1.67,17.5,29
2025-11-03,10:40:00,10.51,1.68,17.6,30
2025-11-03,10:41:00,10.52,1.68,17.71,30
2025-11-03,10:42:00,10.54,1.69,17.81,30
2025-11-03,10:43:00,10.55,1.7,17.91,30
2025-11-03,10:44:00,10.56,1.71,18.01,31
2025-11-03,10:45:00,10.58,1.71,18.12,31
2025-11-03,10:46:00,10.59,1.72,18.22,31
2025-11-03,10:47:00,10.6,1.73,18.32,32
2025-11-03,10:48:00,10.62,1.74,18.43,32
2025-11-03,10:49:00,10.63,1.74,18.53,32
2025-11-03,10:50:00,10.65,1.75,18.64,33
2025-11-03,10:51:00,10.66,1.76,18.74,33
2025-11-03,10:52:00,10.67,1.77,18.85,33
2025-11-03,10:53:00,10.69,1.77,18.95,34
2025-11-03,10:54:00,10.7,1.78,19.05,34
2025-11-03,10:55:00,10.71,1.79,19.16,34
2025-11-03,10:56:00,10.73,1.8,19.27,34
2025-11-03,10:57:00,10.74,1.8,19.37,35
2025-11-03,10:58:00,10.75,1.81,19.48,35
2025-11-03,10:59:00,10.77,1.82,19.58,35
2025-11-03,11:00:00,10.78,1.83,19.69,36
2025-11-03,11:01:00,10.79,1.83,19.8,36
2025-11-03,11:02:00,10.81,1.84,19.9,36
2025-11-03,11:03:00,10.82,1.85,20.01,37
2025-11-03,11:04:00,10.83,1.86,20.12,37
2025-11-03,11:05:00,10.85,1.86,20.22,37
2025-11-03,11:06:00,10.86,1.87,20.33,38
2025-11-03,11:07:00,10.87,1.88,20.44,38
2025-11-03,11:08:00,10.89,1.89,20.55,38
2025-11-03,11:09:00,10.9,1.89,20.65,39
2025-11-03,11:10:00,10.92,1.9,20.76,39
2025-11-03,11:11:00,10.93,1.91,20.87,39
2025-11-03,11:12:00,10.94,1.92,20.98,40
2025-11-03,11:13:00,10.96,1.92,21.09,40
2025-11-03,11:14:00,10.97,1.93,21.2,41
2025-11-03,11:15:00,10.98,1.94,21.31,41
2025-11-03,11:16:00,11,1.95,21.41,41
2025-11-03,11:17:00,11.01,1.96,21.52,42
2025-11-03,11:18:00,11.02,1.96,21.63,42
2025-11-03,11:19:00,11.04,1.97,21.74,42
2025-11-03,11:20:00,11.05,1.98,21.85,43
2025-11-03,11:21:00,11.06,1.99,21.96,43
2025-11-03,11:22:00,11.08,1.99,22.08,43
2025-11-03,11:23:00,11.09,2,22.19,44
2025-11-03,11:24:00,11.1,2.01,22.3,44
2025-11-03,11:25:00,11.12,2.02,22.41,45
2025-11-03,11:26:00,11.13,2.02,22.52,45
2025-11-03,11:27:00,11.14,2.03,22.63,45
2025-11-03,11:28:00,11.16,2.04,22.74,46
2025-11-03,11:29:00,11.17,2.05,22.86,46
2025-11-03,11:30:00,11.19,2.05,22.97,46
2025-11-03,11:31:00,11.2,2.06,23.08,47
2025-11-03,11:32:00,11.21,2.07,23.19,47
2025-11-03,11:33:00,11.23,2.08,23.31,48
2025-11-03,11:34:00,11.24,2.08,23.42,48
2025-11-03,11:35:00,11.25,2.09,23.53,48
2025-11-03,11:36:00,11.27,2.1,23.65,49
2025-11-03,11:37:00,11.28,2.11,23.76,49
2025-11-03,11:38:00,11.29,2.11,23.87,50
2025-11-03,11:39:00,11.31,2.12,23.99,50
2025-11-03,11:40:00,11.32,2.13,24.1,50
2025-11-03,11:41:00,11.33,2.14,24.22,51
2025-11-03,11:42:00,11.35,2.14,24.33,51
2025-11-03,11:43:00,11.36,2.15,24.45,52
2025-11-03,11:44:00,11.37,2.16,24.56,52
2025-11-03,11:45:00,11.39,2.17,24.68,52
2025-11-03,11:46:00,11.4,2.17,24.79,53
2025-11-03,11:47:00,11.41,2.18,24.91,53
2025-11-03,11:48:00,11.43,2.19,25.02,54
2025-11-03,11:49:00,11.44,2.2,25.14,54
2025-11-03,11:50:00,11.46,2.2,25.26,55
2025-11-03,11:51:00,11.47,2.21,25.37,55
2025-11-03,11:52:00,11.48,2.22,25.49,55
2025-11-03,11:53:00,11.5,2.23,25.61,56
2025-11-03,11:54:00,11.51,2.24,25.72,56
2025-11-03,11:55:00,11.52,2.24,25.84,57
2025-11-03,11:56:00,11.54,2.25,25.96,57
2025-11-03,11:57:00,11.55,2.26,26.08,58
2025-11-03,11:58:00,11.56,2.27,26.19,58
2025-11-03,11:59:00,11.58,2.27,26.31,58
2025-11-03,12:00:00,11.59,2.28,26.43,59
2025-11-03,12:01:00,11.6,2.29,26.55,59
2025-11-03,12:02:00,11.62,2.3,26.67,60
2025-11-03,12:03:00,11.63,2.3,26.79,60
2025-11-03,12:04:00,11.64,2.31,26.91,61
2025-11-03,12:05:00,11.66,2.32,27.03,61
2025-11-03,12:06:00,11.67,2.33,27.15,62
2025-11-03,12:07:00,11.68,2.33,27.27,62
2025-11-03,12:08:00,11.7,2.34,27.39,62
2025-11-03,12:09:00,11.71,2.35,27.51,63
2025-11-03,12:10:00,11.73,2.36,27.63,63
2025-11-03,12:11:00,11.74,2.36,27.75,64
2025-11-03,12:12:00,11.75,2.37,27.87,64
2025-11-03,12:13:00,11.77,2.38,27.99,65
2025-11-03,12:14:00,11.78,2.39,28.11,65
2025-11-03,12:15:00,11.79,2.39,28.23,66
2025-11-03,12:16:00,11.81,2.4,28.35,66
2025-11-03,12:17:00,11.82,2.41,28.48,67
2025-11-03,12:18:00,11.83,2.42,28.6,67
2025-11-03,12:19:00,11.85,2.42,28.72,68
2025-11-03,12:20:00,11.86,2.43,28.84,68
2025-11-03,12:21:00,11.87,2.44,28.96,69
2025-11-03,12:22:00,11.89,2.45,29.09,69
2025-11-03,12:23:00,11.9,2.45,29.21,70
2025-11-03,12:24:00,11.91,2.46,29.33,70
2025-11-03,12:25:00,11.93,2.47,29.46,70
2025-11-03,12:26:00,11.94,2.48,29.58,71
2025-11-03,12:27:00,11.95,2.48,29.71,71
2025-11-03,12:28:00,11.97,2.49,29.83,72
2025-11-03,12:29:00,11.98,2.5,29.95,72
2025-11-03,12:30:00,20.02,1.5,30,73
2025-11-03,12:31:00,20.02,1.5,30,73
2025-11-03,12:32:00,20.02,1.5,30,74
2025-11-03,12:33:00,20.02,1.5,30,74
2025-11-03,12:34:00,20.02,1.5,30,75
2025-11-03,12:35:00,20.02,1.5,30,75
2025-11-03,12:36:00,20.02,1.5,30,76
2025-11-03,12:37:00,20.02,1.5,30,76
2025-11-03,12:38:00,20.02,1.5,30,77
2025-11-03,12:39:00,20.02,1.5,30,77
2025-11-03,12:40:00,20.02,1.5,30,78
2025-11-03,12:41:00,20.02,1.5,30,78
2025-11-03,12:42:00,20.02,1.5,30,79
2025-11-03,12:43:00,20.02,1.5,30,79
2025-11-03,12:44:00,20.02,1.5,30,80
2025-11-03,12:45:00,20.02,1.5,30,80
2025-11-03,12:46:00,20.02,1.5,30,81
2025-11-03,12:47:00,20.02,1.5,30,81
2025-11-03,12:48:00,20.02,1.5,30,82
2025-11-03,12:49:00,20.02,1.5,30,82
2025-11-03,12:50:00,20.02,1.5,30,83
2025-11-03,12:51:00,20.02,1.5,30,83
2025-11-03,12:52:00,20.02,1.5,30,84
2025-11-03,12:53:00,20.02,1.5,30,84
2025-11-03,12:54:00,20.02,1.5,30,85
2025-11-03,12:55:00,20.02,1.5,30,85
2025-11-03,12:56:00,20.02,1.5,30,86
2025-11-03,12:57:00,20.02,1.5,30,86
2025-11-03,12:58:00,20.02,1.5,30,87
2025-11-03,12:59:00,20.02,1.5,30,87
2025-11-03,13:00:00,20.02,1.5,30,88
2025-11-03,13:01:00,20.02,1.5,30,88
2025-11-03,13:02:00,20.02,1.5,30,89
2025-11-03,13:03:00,20.02,1.5,30,89
2025-11-03,13:04:00,20.02,1.5,30,90
2025-11-03,13:05:00,20.02,1.5,30,90
2025-11-03,13:06:00,20.02,1.5,30,91
2025-11-03,13:07:00,20.02,1.5,30,91
2025-11-03,13:08:00,20.02,1.5,30,92
2025-11-03,13:09:00,20.02,1.5,30,92
2025-11-03,13:10:00,20.02,1.5,30,93
2025-11-03,13:11:00,20.02,1.5,30,93
2025-11-03,13:12:00,20.02,1.5,30,94
2025-11-03,13:13:00,20.02,1.5,30,94
2025-11-03,13:14:00,20.02,1.5,30,95
2025-11-03,13:15:00,20.02,1.5,30,95
2025-11-03,13:16:00,20.02,1.5,30,96
2025-11-03,13:17:00,20.02,1.5,30,96
2025-11-03,13:18:00,20.02,1.5,30,97
2025-11-03,13:19:00,20.02,1.5,30,97
2025-11-03,13:20:00,20.02,1.5,30,98
2025-11-03,13:21:00,20.02,1.5,30,98
2025-11-03,13:22:00,20.02,1.5,30,99
2025-11-03,13:23:00,20.02,1.5,30,99
2025-11-03,13:24:00,20.02,1.5,30,100
2025-11-03,13:25:00,20.02,1.5,30,100
2025-11-03,13:26:00,20.02,1.5,30,101
2025-11-03,13:27:00,20.02,1.5,30,101
2025-11-03,13:28:00,20.02,1.5,30,102
2025-11-03,13:29:00,20.02,1.5,30,102
2025-11-03,13:30:00,20.02,1.5,30,103
2025-11-03,13:31:00,20.02,1.5,30,103
2025-11-03,13:32:00,20.02,1.5,30,104
2025-11-03,13:33:00,20.02,1.5,30,104
2025-11-03,13:34:00,20.02,1.5,30,105
2025-11-03,13:35:00,20.02,1.5,30,105
2025-11-03,13:36:00,20.02,1.5,30,106
2025-11-03,13:37:00,20.02,1.5,30,106
2025-11-03,13:38:00,20.02,1.5,30,107
2025-11-03,13:39:00,20.02,1.5,30,107
2025-11-03,13:40:00,20.02,1.5,30,108
2025-11-03,13:41:00,19.97,1.49,29.79,108
2025-11-03,13:42:00,19.91,1.49,29.58,109
2025-11-03,13:43:00,19.86,1.48,29.37,109
2025-11-03,13:44:00,19.8,1.47,29.16,110
2025-11-03,13:45:00,19.75,1.47,28.95,110
2025-11-03,13:46:00,19.69,1.46,28.74,111
2025-11-03,13:47:00,19.64,1.45,28.54,111
2025-11-03,13:48:00,19.59,1.45,28.33,112
2025-11-03,13:49:00,19.53,1.44,28.12,112
2025-11-03,13:50:00,19.48,1.43,27.92,113
2025-11-03,13:51:00,19.42,1.43,27.71,113
2025-11-03,13:52:00,19.37,1.42,27.51,114
2025-11-03,13:53:00,19.32,1.41,27.31,114
2025-11-03,13:54:00,19.26,1.41,27.1,115
2025-11-03,13:55:00,19.21,1.4,26.9,115
2025-11-03,13:56:00,19.15,1.39,26.7,116
2025-11-03,13:57:00,19.1,1.39,26.5,116
2025-11-03,13:58:00,19.04,1.38,26.3,116
2025-11-03,13:59:00,18.99,1.37,26.1,117
2025-11-03,14:00:00,18.94,1.37,25.91,117
2025-11-03,14:01:00,18.88,1.36,25.71,118
2025-11-03,14:02:00,18.83,1.36,25.51,118
2025-11-03,14:03:00,18.77,1.35,25.32,119
2025-11-03,14:04:00,18.72,1.34,25.12,119
2025-11-03,14:05:00,18.67,1.34,24.93,119
2025-11-03,14:06:00,18.61,1.33,24.73,120
2025-11-03,14:07:00,18.56,1.32,24.54,120
2025-11-03,14:08:00,18.5,1.32,24.35,121
2025-11-03,14:09:00,18.45,1.31,24.16,121
2025-11-03,14:10:00,18.39,1.3,23.97,121
2025-11-03,14:11:00,18.34,1.3,23.78,122
2025-11-03,14:12:00,18.29,1.29,23.59,122
2025-11-03,14:13:00,18.23,1.28,23.4,123
2025-11-03,14:14:00,18.18,1.28,23.21,123
2025-11-03,14:15:00,18.12,1.27,23.02,123
2025-11-03,14:16:00,18.07,1.26,22.84,124
2025-11-03,14:17:00,18.02,1.26,22.65,124
2025-11-03,14:18:00,17.96,1.25,22.46,124
2025-11-03,14:19:00,17.91,1.24,22.28,125
2025-11-03,14:20:00,17.85,1.24,22.1,125
2025-11-03,14:21:00,17.8,1.23,21.91,126
2025-11-03,14:22:00,17.74,1.22,21.73,126
2025-11-03,14:23:00,17.69,1.22,21.55,126
2025-11-03,14:24:00,17.64,1.21,21.37,127
2025-11-03,14:25:00,17.58,1.21,21.19,127
2025-11-03,14:26:00,17.53,1.2,21.01,127
2025-11-03,14:27:00,17.47,1.19,20.83,128
2025-11-03,14:28:00,17.42,1.19,20.65,128
2025-11-03,14:29:00,17.37,1.18,20.47,128
2025-11-03,14:30:00,17.31,1.17,20.3,129
2025-11-03,14:31:00,17.26,1.17,20.12,129
2025-11-03,14:32:00,17.2,1.16,19.94,129
2025-11-03,14:33:00,17.15,1.15,19.77,130
2025-11-03,14:34:00,17.09,1.15,19.6,130
2025-11-03,14:35:00,17.04,1.14,19.42,130
2025-11-03,14:36:00,16.99,1.13,19.25,131
2025-11-03,14:37:00,16.93,1.13,19.08,131
2025-11-03,14:38:00,16.88,1.12,18.91,131
2025-11-03,14:39:00,16.82,1.11,18.74,132
2025-11-03,14:40:00,16.77,1.11,18.57,132
2025-11-03,14:41:00,16.72,1.1,18.4,132
2025-11-03,14:42:00,16.66,1.09,18.23,133
2025-11-03,14:43:00,16.61,1.09,18.06,133
2025-11-03,14:44:00,16.55,1.08,17.9,133
2025-11-03,14:45:00,16.5,1.07,17.73,133
2025-11-03,14:46:00,16.44,1.07,17.56,134
2025-11-03,14:47:00,16.39,1.06,17.4,134
2025-11-03,14:48:00,16.34,1.06,17.24,134
2025-11-03,14:49:00,16.28,1.05,17.07,135
2025-11-03,14:50:00,16.23,1.04,16.91,135
2025-11-03,14:51:00,16.17,1.04,16.75,135
2025-11-03,14:52:00,16.12,1.03,16.59,135
2025-11-03,14:53:00,16.07,1.02,16.43,136
2025-11-03,14:54:00,16.01,1.02,16.27,136
2025-11-03,14:55:00,15.96,1.01,16.11,136
2025-11-03,14:56:00,15.9,1,15.95,137
2025-11-03,14:57:00,15.85,1,15.79,137
2025-11-03,14:58:00,15.79,0.99,15.63,137
2025-11-03,14:59:00,15.74,0.98,15.48,137
2025-11-03,15:00:00,15.69,0.98,15.32,138
2025-11-03,15:01:00,15.63,0.97,15.17,138
2025-11-03,15:02:00,15.58,0.96,15.01,138
2025-11-03,15:03:00,15.52,0.96,14.86,138
2025-11-03,15:04:00,15.47,0.95,14.71,139
2025-11-03,15:05:00,15.42,0.94,14.55,139
2025-11-03,15:06:00,15.36,0.94,14.4,139
2025-11-03,15:07:00,15.31,0.93,14.25,139
2025-11-03,15:08:00,15.25,0.92,14.1,140
2025-11-03,15:09:00,15.2,0.92,13.95,140
2025-11-03,15:10:00,15.14,0.91,13.8,140
2025-11-03,15:11:00,15.09,0.91,13.66,140
2025-11-03,15:12:00,15.04,0.9,13.51,140
2025-11-03,15:13:00,14.98,0.89,13.36,141
2025-11-03,15:14:00,14.93,0.89,13.22,141
2025-11-03,15:15:00,14.87,0.88,13.07,141
2025-11-03,15:16:00,14.82,0.87,12.93,141
2025-11-03,15:17:00,14.77,0.87,12.79,142
2025-11-03,15:18:00,14.71,0.86,12.64,142
2025-11-03,15:19:00,14.66,0.85,12.5,142
2025-11-03,15:20:00,14.6,0.85,12.36,142
2025-11-03,15:21:00,14.55,0.84,12.22,142
2025-11-03,15:22:00,14.49,0.83,12.08,143
2025-11-03,15:23:00,14.44,0.83,11.94,143
2025-11-03,15:24:00,14.39,0.82,11.8,143
2025-11-03,15:25:00,14.33,0.81,11.66,143
2025-11-03,15:26:00,14.28,0.81,11.52,143
2025-11-03,15:27:00,14.22,0.8,11.39,144
2025-11-03,15:28:00,14.17,0.79,11.25,144
2025-11-03,15:29:00,14.12,0.79,11.12,144
2025-11-03,15:30:00,14.06,0.78,10.98,144
2025-11-03,15:31:00,14.01,0.77,10.85,144
2025-11-03,15:32:00,13.95,0.77,10.72,144
2025-11-03,15:33:00,13.9,0.76,10.58,145
2025-11-03,15:34:00,13.84,0.76,10.45,145
2025-11-03,15:35:00,13.79,0.75,10.32,145
2025-11-03,15:36:00,13.74,0.74,10.19,145
2025-11-03,15:37:00,13.68,0.74,10.06,145
2025-11-03,15:38:00,13.63,0.73,9.93,145
2025-11-03,15:39:00,13.57,0.72,9.81,146
2025-11-03,15:40:00,13.52,0.72,9.68,146
2025-11-03,15:41:00,13.46,0.71,9.55,146
2025-11-03,15:42:00,13.41,0.7,9.43,146
2025-11-03,15:43:00,13.36,0.7,9.3,146
2025-11-03,15:44:00,13.3,0.69,9.18,146
2025-11-03,15:45:00,13.25,0.68,9.05,147
2025-11-03,15:46:00,13.19,0.68,8.93,147
2025-11-03,15:47:00,13.14,0.67,8.81,147
2025-11-03,15:48:00,13.09,0.66,8.69,147
2025-11-03,15:49:00,13.03,0.66,8.56,147
2025-11-03,15:50:00,12.98,0.65,8.44,147
2025-11-03,15:51:00,12.92,0.64,8.32,147
2025-11-03,15:52:00,12.87,0.64,8.21,148
2025-11-03,15:53:00,12.81,0.63,8.09,148
2025-11-03,15:54:00,12.76,0.62,7.97,148
2025-11-03,15:55:00,12.71,0.62,7.85,148
2025-11-03,15:56:00,12.65,0.61,7.74,148
2025-11-03,15:57:00,12.6,0.61,7.62,148
2025-11-03,15:58:00,12.54,0.6,7.51,148
2025-11-03,15:59:00,12.49,0.59,7.39,148
2025-11-03,16:00:00,12.44,0.59,7.28,149
2025-11-03,16:01:00,12.38,0.58,7.17,149
2025-11-03,16:02:00,12.33,0.57,7.06,149
2025-11-03,16:03:00,12.27,0.57,6.95,149
2025-11-03,16:04:00,12.22,0.56,6.84,149
2025-11-03,16:05:00,12.16,0.55,6.73,149
2025-11-03,16:06:00,12.11,0.55,6.62,149
2025-11-03,16:07:00,12.06,0.54,6.51,149
2025-11-03,16:08:00,12,0.53,6.4,149
2025-11-03,16:09:00,11.95,0.53,6.29,150
2025-11-03,16:10:00,11.89,0.52,6.19,150
2025-11-03,16:11:00,11.84,0.51,6.08,150
2025-11-03,16:12:00,11.79,0.51,5.98,150
2025-11-03,16:13:00,11.73,0.5,5.87,150
2025-11-03,16:14:00,11.68,0.49,5.77,150
2025-11-03,16:15:00,11.62,0.49,5.67,150
2025-11-03,16:16:00,11.57,0.48,5.57,150
2025-11-03,16:17:00,11.51,0.47,5.46,150
2025-11-03,16:18:00,11.46,0.47,5.36,150
2025-11-03,16:19:00,11.41,0.46,5.26,151
2025-11-03,16:20:00,11.35,0.46,5.17,151
2025-11-03,16:21:00,11.3,0.45,5.07,151
2025-11-03,16:22:00,11.24,0.44,4.97,151
2025-11-03,16:23:00,11.19,0.44,4.87,151
2025-11-03,16:24:00,11.14,0.43,4.78,151
2025-11-03,16:25:00,11.08,0.42,4.68,151
2025-11-03,16:26:00,11.03,0.42,4.59,151
2025-11-03,16:27:00,10.97,0.41,4.49,151
2025-11-03,16:28:00,10.92,0.4,4.4,151
2025-11-03,16:29:00,10.86,0.4,4.31,151
2025-11-03,16:30:00,10.81,0.39,4.21,151
2025-11-03,16:31:00,10.76,0.38,4.12,151
2025-11-03,16:32:00,10.7,0.38,4.03,152
2025-11-03,16:33:00,10.65,0.37,3.94,152
2025-11-03,16:34:00,10.59,0.36,3.85,152
2025-11-03,16:35:00,10.54,0.36,3.76,152
2025-11-03,16:36:00,10.49,0.35,3.68,152
2025-11-03,16:37:00,10.43,0.34,3.59,152
2025-11-03,16:38:00,10.38,0.34,3.5,152
2025-11-03,16:39:00,10.32,0.33,3.42,152
2025-11-03,16:40:00,10.27,0.32,3.33,152
2025-11-03,16:41:00,10.21,0.32,3.25,152
2025-11-03,16:42:00,10.16,0.31,3.17,152
2025-11-03,16:43:00,10.11,0.31,3.08,152
2025-11-03,16:44:00,10.05,0.3,3,152
2025-11-03,16:45:00,10,0.29,2.92,152
2025-11-03,16:46:00,9.94,0.29,2.84,152
2025-11-03,16:47:00,9.89,0.28,2.76,152
2025-11-03,16:48:00,9.84,0.27,2.68,152
2025-11-03,16:49:00,9.78,0.27,2.6,152
2025-11-03,16:50:00,9.73,0.26,2.52,153
2025-11-03,16:51:00,9.67,0.25,2.45,153
2025-11-03,16:52:00,9.62,0.25,2.37,153
2025-11-03,16:53:00,9.56,0.24,2.29,153
2025-11-03,16:54:00,9.51,0.23,2.22,153
2025-11-03,16:55:00,9.46,0.23,2.14,153
2025-11-03,16:56:00,9.4,0.22,2.07,153
2025-11-03,16:57:00,9.35,0.21,2,153
2025-11-03,16:58:00,9.29,0.21,1.93,153
2025-11-03,16:59:00,9.24,0.2,1.85,153
2025-11-03,17:00:00,9.19,0.19,1.78,153
2025-11-03,17:01:00,9.13,0.19,1.71,153
2025-11-03,17:02:00,9.08,0.18,1.64,153
2025-11-03,17:03:00,9.02,0.17,1.58,153
2025-11-03,17:04:00,8.97,0.17,1.51,153
2025-11-03,17:05:00,8.91,0.16,1.44,153
2025-11-03,17:06:00,8.86,0.16,1.37,153
2025-11-03,17:07:00,8.81,0.15,1.31,153
2025-11-03,17:08:00,8.75,0.14,1.24,153
2025-11-03,17:09:00,8.7,0.14,1.18,153
2025-11-03,17:10:00,8.64,0.13,1.11,153
2025-11-03,17:11:00,8.59,0.12,1.05,153
2025-11-03,17:12:00,8.54,0.12,0.99,153
2025-11-03,17:13:00,8.48,0.11,0.93,153
2025-11-03,17:14:00,8.43,0.1,0.87,153
2025-11-03,17:15:00,8.37,0.1,0.81,153
2025-11-03,17:16:00,8.32,0.09,0.75,153
2025-11-03,17:17:00,8.26,0.08,0.69,153
2025-11-03,17:18:00,8.21,0.08,0.63,153
2025-11-03,17:19:00,8.16,0.07,0.57,153
2025-11-03,17:20:00,8.1,0.06,0.52,153
2025-11-03,17:21:00,8.05,0.06,0.46,153
2025-11-03,17:22:00,7.99,0.05,0.41,153
2025-11-03,17:23:00,7.94,0.04,0.35,153
2025-11-03,17:24:00,7.89,0.04,0.3,153
2025-11-03,17:25:00,7.83,0.03,0.24,153
2025-11-03,17:26:00,7.78,0.02,0.19,153
2025-11-03,17:27:00,7.72,0.02,0.14,153
2025-11-03,17:28:00,7.67,0.01,0.09,153
2025-11-03,17:29:00,7.61,0.01,0.04,153
2025-11-03,17:30:00,0,0,0,153
2025-11-03,17:31:00,0,0,0,153
2025-11-03,17:32:00,0,0,0,153
2025-11-03,17:33:00,0,0,0,153
2025-11-03,17:34:00,0,0,0,153
2025-11-03,17:35:00,0,0,0,153
2025-11-03,17:36:00,0,0,0,153
2025-11-03,17:37:00,0,0,0,153
2025-11-03,17:38:00,0,0,0,153
2025-11-03,17:39:00,0,0,0,153
2025-11-03,17:40:00,0,0,0,153
2025-11-03,17:41:00,0,0,0,153
2025-11-03,17:42:00,0,0,0,153
2025-11-03,17:43:00,0,0,0,153
2025-11-03,17:44:00,0,0,0,153
2025-11-03,17:45:00,0,0,0,153
2025-11-03,17:46:00,0,0,0,153
2025-11-03,17:47:00,0,0,0,153
2025-11-03,17:48:00,0,0,0,153
2025-11-03,17:49:00,0,0,0,153
2025-11-03,17:50:00,0,0,0,153
2025-11-03,17:51:00,0,0,0,153
2025-11-03,17:52:00,0,0,0,153
2025-11-03,17:53:00,0,0,0,153
2025-11-03,17:54:00,0,0,0,153
2025-11-03,17:55:00,0,0,0,153
2025-11-03,17:56:00,0,0,0,153
2025-11-03,17:57:00,0,0,0,153
2025-11-03,17:58:00,0,0,0,153
2025-11-03,17:59:00,0,0,0,153
2025-11-03,18:00:00,0,0,0,153
2025-11-03,18:01:00,0,0,0,153
2025-11-03,18:02:00,0,0,0,153
2025-11-03,18:03:00,0,0,0,153
2025-11-03,18:04:00,0,0,0,153
2025-11-03,18:05:00,0,0,0,153
2025-11-03,18:06:00,0,0,0,153
2025-11-03,18:07:00,0,0,0,153
2025-11-03,18:08:00,0,0,0,153
2025-11-03,18:09:00,0,0,0,153
2025-11-03,18:10:00,0,0,0,153
2025-11-03,18:11:00,0,0,0,153
2025-11-03,18:12:00,0,0,0,153
2025-11-03,18:13:00,0,0,0,153
2025-11-03,18:14:00,0,0,0,153
2025-11-03,18:15:00,0,0,0,153
2025-11-03,18:16:00,0,0,0,153
2025-11-03,18:17:00,0,0,0,153
2025-11-03,18:18:00,0,0,0,153
2025-11-03,18:19:00,0,0,0,153
2025-11-03,18:20:00,0,0,0,153
2025-11-03,18:21:00,0,0,0,153
2025-11-03,18:22:00,0,0,0,153
2025-11-03,18:23:00,0,0,0,153
2025-11-03,18:24:00,0,0,0,153
2025-11-03,18:25:00,0,0,0,153
2025-11-03,18:26:00,0,0,0,153
2025-11-03,18:27:00,0,0,0,153
2025-11-03,18:28:00,0,0,0,153
2025-11-03,18:29:00,0,0,0,153
2025-11-03,18:30:00,0,0,0,153
2025-11-03,18:31:00,0,0,0,153
2025-11-03,18:32:00,0,0,0,153
2025-11-03,18:33:00,0,0,0,153
2025-11-03,18:34:00,0,0,0,153
2025-11-03,18:35:00,0,0,0,153
2025-11-03,18:36:00,0,0,0,153
2025-11-03,18:37:00,0,0,0,153
2025-11-03,18:38:00,0,0,0,153
2025-11-03,18:39:00,0,0,0,153
2025-11-03,18:40:00,0,0,0,153
2025-11-03,18:41:00,0,0,0,153
2025-11-03,18:42:00,0,0,0,153
2025-11-03,18:43:00,0,0,0,153
2025-11-03,18:44:00,0,0,0,153
2025-11-03,18:45:00,0,0,0,153
2025-11-03,18:46:00,0,0,0,153
2025-11-03,18:47:00,0,0,0,153
2025-11-03,18:48:00,0,0,0,153
2025-11-03,18:49:00,0,0,0,153
2025-11-03,18:50:00,0,0,0,153
2025-11-03,18:51:00,0,0,0,153
2025-11-03,18:52:00,0,0,0,153
2025-11-03,18:53:00,0,0,0,153
2025-11-03,18:54:00,0,0,0,153
2025-11-03,18:55:00,0,0,0,153
2025-11-03,18:56:00,0,0,0,153
2025-11-03,18:57:00,0,0,0,153
2025-11-03,18:58:00,0,0,0,153
2025-11-03,18:59:00,0,0,0,153
2025-11-03,19:00:00,0,0,0,153
2025-11-03,19:01:00,0,0,0,153
2025-11-03,19:02:00,0,0,0,153
2025-11-03,19:03:00,0,0,0,153
2025-11-03,19:04:00,0,0,0,153
2025-11-03,19:05:00,0,0,0,153
2025-11-03,19:06:00,0,0,0,153
2025-11-03,19:07:00,0,0,0,153
2025-11-03,19:08:00,0,0,0,153
2025-11-03,19:09:00,0,0,0,153
2025-11-03,19:10:00,0,0,0,153
2025-11-03,19:11:00,0,0,0,153
2025-11-03,19:12:00,0,0,0,153
2025-11-03,19:13:00,0,0,0,153
2025-11-03,19:14:00,0,0,0,153
2025-11-03,19:15:00,0,0,0,153
2025-11-03,19:16:00,0,0,0,153
2025-11-03,19:17:00,0,0,0,153
2025-11-03,19:18:00,0,0,0,153
2025-11-03,19:19:00,0,0,0,153
2025-11-03,19:20:00,0,0,0,153
2025-11-03,19:21:00,0,0,0,153
2025-11-03,19:22:00,0,0,0,153
2025-11-03,19:23:00,0,0,0,153
2025-11-03,19:24:00,0,0,0,153
2025-11-03,19:25:00,0,0,0,153
2025-11-03,19:26:00,0,0,0,153
2025-11-03,19:27:00,0,0,0,153
2025-11-03,19:28:00,0,0,0,153
2025-11-03,19:29:00,0,0,0,153
2025-11-03,19:30:00,0,0,0,153
2025-11-03,19:31:00,0,0,0,153
2025-11-03,19:32:00,0,0,0,153
2025-11-03,19:33:00,0,0,0,153
2025-11-03,19:34:00,0,0,0,153
2025-11-03,19:35:00,0,0,0,153
2025-11-03,19:36:00,0,0,0,153
2025-11-03,19:37:00,0,0,0,153
2025-11-03,19:38:00,0,0,0,153
2025-11-03,19:39:00,0,0,0,153
2025-11-03,19:40:00,0,0,0,153
2025-11-03,19:41:00,0,0,0,153
2025-11-03,19:42:00,0,0,0,153
2025-11-03,19:43:00,0,0,0,153
2025-11-03,19:44:00,0,0,0,153
2025-11-03,19:45:00,0,0,0,153
2025-11-03,19:46:00,0,0,0,153
2025-11-03,19:47:00,0,0,0,153
2025-11-03,19:48:00,0,0,0,153
2025-11-03,19:49:00,0,0,0,153
2025-11-03,19:50:00,0,0,0,153
2025-11-03,19:51:00,0,0,0,153
2025-11-03,19:52:00,0,0,0,153
2025-11-03,19:53:00,0,0,0,153
2025-11-03,19:54:00,0,0,0,153
2025-11-03,19:55:00,0,0,0,153
2025-11-03,19:56:00,0,0,0,153
2025-11-03,19:57:00,0,0,0,153
2025-11-03,19:58:00,0,0,0,153
2025-11-03,19:59:00,0,0,0,153
2025-11-03,20:00:00,0,0,0,153
2025-11-03,20:01:00,0,0,0,153
2025-11-03,20:02:00,0,0,0,153
2025-11-03,20:03:00,0,0,0,153
2025-11-03,20:04:00,0,0,0,153
2025-11-03,20:05:00,0,0,0,153
2025-11-03,20:06:00,0,0,0,153
2025-11-03,20:07:00,0,0,0,153
2025-11-03,20:08:00,0,0,0,153
2025-11-03,20:09:00,0,0,0,153
2025-11-03,20:10:00,0,0,0,153
2025-11-03,20:11:00,0,0,0,153
2025-11-03,20:12:00,0,0,0,153
2025-11-03,20:13:00,0,0,0,153
2025-11-03,20:14:00,0,0,0,153
2025-11-03,20:15:00,0,0,0,153
2025-11-03,20:16:00,0,0,0,153
2025-11-03,20:17:00,0,0,0,153
2025-11-03,20:18:00,0,0,0,153
2025-11-03,20:19:00,0,0,0,153
2025-11-03,20:20:00,0,0,0,153
2025-11-03,20:21:00,0,0,0,153
2025-11-03,20:22:00,0,0,0,153
2025-11-03,20:23:00,0,0,0,153
2025-11-03,20:24:00,0,0,0,153
2025-11-03,20:25:00,0,0,0,153
2025-11-03,20:26:00,0,0,0,153
2025-11-03,20:27:00,0,0,0,153
2025-11-03,20:28:00,0,0,0,153
2025-11-03,20:29:00,0,0,0,153
2025-11-03,20:30:00,0,0,0,153
2025-11-03,20:31:00,0,0,0,153
2025-11-03,20:32:00,0,0,0,153
2025-11-03,20:33:00,0,0,0,153
2025-11-03,20:34:00,0,0,0,153
2025-11-03,20:35:00,0,0,0,153
2025-11-03,20:36:00,0,0,0,153
2025-11-03,20:37:00,0,0,0,153
2025-11-03,20:38:00,0,0,0,153
2025-11-03,20:39:00,0,0,0,153
2025-11-03,20:40:00,0,0,0,153
2025-11-03,20:41:00,0,0,0,153
2025-11-03,20:42:00,0,0,0,153
2025-11-03,20:43:00,0,0,0,153
2025-11-03,20:44:00,0,0,0,153
2025-11-03,20:45:00,0,0,0,153
2025-11-03,20:46:00,0,0,0,153
2025-11-03,20:47:00,0,0,0,153
2025-11-03,20:48:00,0,0,0,153
2025-11-03,20:49:00,0,0,0,153
2025-11-03,20:50:00,0,0,0,153
2025-11-03,20:51:00,0,0,0,153
2025-11-03,20:52:00,0,0,0,153
2025-11-03,20:53:00,0,0,0,153
2025-11-03,20:54:00,0,0,0,153
2025-11-03,20:55:00,0,0,0,153
2025-11-03,20:56:00,0,0,0,153
2025-11-03,20:57:00,0,0,0,153
2025-11-03,20:58:00,0,0,0,153
2025-11-03,20:59:00,0,0,0,153
2025-11-03,21:00:00,0,0,0,153
2025-11-03,21:01:00,0,0,0,153
2025-11-03,21:02:00,0,0,0,153
2025-11-03,21:03:00,0,0,0,153
2025-11-03,21:04:00,0,0,0,153
2025-11-03,21:05:00,0,0,0,153
2025-11-03,21:06:00,0,0,0,153
2025-11-03,21:07:00,0,0,0,153
2025-11-03,21:08:00,0,0,0,153
2025-11-03,21:09:00,0,0,0,153
2025-11-03,21:10:00,0,0,0,153
2025-11-03,21:11:00,0,0,0,153
2025-11-03,21:12:00,0,0,0,153
2025-11-03,21:13:00,0,0,0,153
2025-11-03,21:14:00,0,0,0,153
2025-11-03,21:15:00,0,0,0,153
2025-11-03,21:16:00,0,0,0,153
2025-11-03,21:17:00,0,0,0,153
2025-11-03,21:18:00,0,0,0,153
2025-11-03,21:19:00,0,0,0,153
2025-11-03,21:20:00,0,0,0,153
2025-11-03,21:21:00,0,0,0,153
2025-11-03,21:22:00,0,0,0,153
2025-11-03,21:23:00,0,0,0,153
2025-11-03,21:24:00,0,0,0,153
2025-11-03,21:25:00,0,0,0,153
2025-11-03,21:26:00,0,0,0,153
2025-11-03,21:27:00,0,0,0,153
2025-11-03,21:28:00,0,0,0,153
2025-11-03,21:29:00,0,0,0,153
2025-11-03,21:30:00,0,0,0,153
2025-11-03,21:31:00,0,0,0,153
2025-11-03,21:32:00,0,0,0,153
2025-11-03,21:33:00,0,0,0,153
2025-11-03,21:34:00,0,0,0,153
2025-11-03,21:35:00,0,0,0,153
2025-11-03,21:36:00,0,0,0,153
2025-11-03,21:37:00,0,0,0,153
2025-11-03,21:38:00,0,0,0,153
2025-11-03,21:39:00,0,0,0,153
2025-11-03,21:40:00,0,0,0,153
2025-11-03,21:41:00,0,0,0,153
2025-11-03,21:42:00,0,0,0,153
2025-11-03,21:43:00,0,0,0,153
2025-11-03,21:44:00,0,0,0,153
2025-11-03,21:45:00,0,0,0,153
2025-11-03,21:46:00,0,0,0,153
2025-11-03,21:47:00,0,0,0,153
2025-11-03,21:48:00,0,0,0,153
2025-11-03,21:49:00,0,0,0,153
2025-11-03,21:50:00,0,0,0,153
2025-11-03,21:51:00,0,0,0,153
2025-11-03,21:52:00,0,0,0,153
2025-11-03,21:53:00,0,0,0,153
2025-11-03,21:54:00,0,0,0,153
2025-11-03,21:55:00,0,0,0,153
2025-11-03,21:56:00,0,0,0,153
2025-11-03,21:57:00,0,0,0,153
2025-11-03,21:58:00,0,0,0,153
2025-11-03,21:59:00,0,0,0,153
2025-11-03,22:00:00,0,0,0,153
2025-11-03,22:01:00,0,0,0,153
2025-11-03,22:02:00,0,0,0,153
2025-11-03,22:03:00,0,0,0,153
2025-11-03,22:04:00,0,0,0,153
2025-11-03,22:05:00,0,0,0,153
2025-11-03,22:06:00,0,0,0,153
2025-11-03,22:07:00,0,0,0,153
2025-11-03,22:08:00,0,0,0,153
2025-11-03,22:09:00,0,0,0,153
2025-11-03,22:10:00,0,0,0,153
2025-11-03,22:11:00,0,0,0,153
2025-11-03,22:12:00,0,0,0,153
2025-11-03,22:13:00,0,0,0,153
2025-11-03,22:14:00,0,0,0,153
2025-11-03,22:15:00,0,0,0,153
2025-11-03,22:16:00,0,0,0,153
2025-11-03,22:17:00,0,0,0,153
2025-11-03,22:18:00,0,0,0,153
2025-11-03,22:19:00,0,0,0,153
2025-11-03,22:20:00,0,0,0,153
2025-11-03,22:21:00,0,0,0,153
2025-11-03,22:22:00,0,0,0,153
2025-11-03,22:23:00,0,0,0,153
2025-11-03,22:24:00,0,0,0,153
2025-11-03,22:25:00,0,0,0,153
2025-11-03,22:26:00,0,0,0,153
2025-11-03,22:27:00,0,0,0,153
2025-11-03,22:28:00,0,0,0,153
2025-11-03,22:29:00,0,0,0,153
2025-11-03,22:30:00,0,0,0,153
2025-11-03,22:31:00,0,0,0,153
2025-11-03,22:32:00,0,0,0,153
2025-11-03,22:33:00,0,0,0,153
2025-11-03,22:34:00,0,0,0,153
2025-11-03,22:35:00,0,0,0,153
2025-11-03,22:36:00,0,0,0,153
2025-11-03,22:37:00,0,0,0,153
2025-11-03,22:38:00,0,0,0,153
2025-11-03,22:39:00,0,0,0,153
2025-11-03,22:40:00,0,0,0,153
2025-11-03,22:41:00,0,0,0,153
2025-11-03,22:42:00,0,0,0,153
2025-11-03,22:43:00,0,0,0,153
2025-11-03,22:44:00,0,0,0,153
2025-11-03,22:45:00,0,0,0,153
2025-11-03,22:46:00,0,0,0,153
2025-11-03,22:47:00,0,0,0,153
2025-11-03,22:48:00,0,0,0,153
2025-11-03,22:49:00,0,0,0,153
2025-11-03,22:50:00,0,0,0,153
2025-11-03,22:51:00,0,0,0,153
2025-11-03,22:52:00,0,0,0,153
2025-11-03,22:53:00,0,0,0,153
2025-11-03,22:54:00,0,0,0,153
2025-11-03,22:55:00,0,0,0,153
2025-11-03,22:56:00,0,0,0,153
2025-11-03,22:57:00,0,0,0,153
2025-11-03,22:58:00,0,0,0,153
2025-11-03,22:59:00,0,0,0,153
2025-11-03,23:00:00,0,0,0,153
2025-11-03,23:01:00,0,0,0,153
2025-11-03,23:02:00,0,0,0,153
2025-11-03,23:03:00,0,0,0,153
2025-11-03,23:04:00,0,0,0,153
2025-11-03,23:05:00,0,0,0,153
2025-11-03,23:06:00,0,0,0,153
2025-11-03,23:07:00,0,0,0,153
2025-11-03,23:08:00,0,0,0,153
2025-11-03,23:09:00,0,0,0,153
2025-11-03,23:10:00,0,0,0,153
2025-11-03,23:11:00,0,0,0,153
2025-11-03,23:12:00,0,0,0,153
2025-11-03,23:13:00,0,0,0,153
2025-11-03,23:14:00,0,0,0,153
2025-11-03,23:15:00,0,0,0,153
2025-11-03,23:16:00,0,0,0,153
2025-11-03,23:17:00,0,0,0,153
2025-11-03,23:18:00,0,0,0,153
2025-11-03,23:19:00,0,0,0,153
2025-11-03,23:20:00,0,0,0,153
2025-11-03,23:21:00,0,0,0,153
2025-11-03,23:22:00,0,0,0,153
2025-11-03,23:23:00,0,0,0,153
2025-11-03,23:24:00,0,0,0,153
2025-11-03,23:25:00,0,0,0,153
2025-11-03,23:26:00,0,0,0,153
2025-11-03,23:27:00,0,0,0,153
2025-11-03,23:28:00,0,0,0,153
2025-11-03,23:29:00,0,0,0,153
2025-11-03,23:30:00,0,0,0,153
2025-11-03,23:31:00,0,0,0,153
2025-11-03,23:32:00,0,0,0,153
2025-11-03,23:33:00,0,0,0,153
2025-11-03,23:34:00,0,0,0,153
2025-11-03,23:35:00,0,0,0,153
2025-11-03,23:36:00,0,0,0,153
2025-11-03,23:37:00,0,0,0,153
2025-11-03,23:38:00,0,0,0,153
2025-11-03,23:39:00,0,0,0,153
2025-11-03,23:40:00,0,0,0,153
2025-11-03,23:41:00,0,0,0,153
2025-11-03,23:42:00,0,0,0,153
2025-11-03,23:43:00,0,0,0,153
2025-11-03,23:44:00,0,0,0,153
2025-11-03,23:45:00,0,0,0,153
2025-11-03,23:46:00,0,0,0,153
2025-11-03,23:47:00,0,0,0,153
2025-11-03,23:48:00,0,0,0,153
2025-11-03,23:49:00,0,0,0,153
2025-11-03,23:50:00,0,0,0,153
2025-11-03,23:51:00,0,0,0,153
2025-11-03,23:52:00,0,0,0,153
2025-11-03,23:53:00,0,0,0,153
2025-11-03,23:54:00,0,0,0,153
2025-11-03,23:55:00,0,0,0,153
2025-11-03,23:56:00,0,0,0,153
2025-11-03,23:57:00,0,0,0,153
2025-11-03,23:58:00,0,0,0,153
2025-11-03,23:59:00,0,0,0,153
